question_id,room_Code,n,osoby,opcje_obserwowane,p_pierwsza,n_pierwsza,p_kolejne,dominujacy_dystraktor_udzial,dystraktory_obserwowane,dystraktory_niefunkcjonalne,dyskryminacja,OR_log2_proba,p_trend,q_fdr,istotna_poprawa,istotne_pogorszenie
35,ier-4pm,416,109,4,0.5045871559633027,109,0.6579804560260586,0.7169811320754716,3,1,0.28118025894070486,1.2265339792672267,0.07348515586356287,0.1854087009480663,False,False
36,ier-4pm,432,99,3,0.8181818181818182,99,0.8468468468468469,0.7391304347826086,2,1,0.20109477139010679,1.0321365111183545,0.8123296838405687,0.9187728837920914,False,False
37,ier-4pm,413,106,3,0.9622641509433962,106,0.9771986970684039,0.5454545454545454,2,2,0.18272900826972735,1.642155963248762,0.02134645725726128,0.070016379803817,False,False
44,2qx-6t6,696,130,4,0.8153846153846154,130,0.8780918727915195,0.43010752688172044,3,2,0.19236154485601564,1.4274803896537944,0.0002755859628411409,0.002032468866129681,True,False
45,2qx-6t6,670,134,3,0.8208955223880597,134,0.8973880597014925,0.569620253164557,2,0,0.01764110194321043,1.497000477040495,0.0001150677718501169,0.0009435557291709586,True,False
46,2qx-6t6,681,127,3,0.9606299212598425,127,0.9729241877256317,0.8,2,2,-0.12216745471910626,1.2010158616048505,0.45219927223061884,0.6338519713318076,False,False
47,2qx-6t6,667,133,4,0.7819548872180451,133,0.8333333333333334,0.6101694915254238,3,2,0.3101653669977276,1.1740127172099262,0.16943320836625975,0.3347836888200795,False,False
48,zw4-bxc,327,73,2,0.8082191780821918,73,0.8346456692913385,1.0,1,0,0.168049874964628,1.1710036218995348,0.2022300701791414,0.3591161912988496,False,False
49,zw4-bxc,322,73,2,0.8767123287671232,73,0.9036144578313253,1.0,1,0,0.18842965408729573,1.1334612764251084,0.49639175741590613,0.6672807230836771,False,False
51,2qx-6t6,671,128,3,0.7734375,128,0.8858195211786372,0.7802197802197802,2,1,0.14242070429465387,1.5061704377548628,0.0006091466193535726,0.003996001822959437,True,False
52,2qx-6t6,706,127,3,0.7874015748031497,127,0.8739205526770294,0.6,2,0,0.0988990523720038,1.2331399827082257,0.1469137053635311,0.3011730959952388,False,False
54,2qx-6t6,673,128,3,0.9609375,128,0.9779816513761468,0.6470588235294118,2,2,0.3865015037136923,1.3511289647699418,0.30658225929441285,0.47433481626682744,False,False
62,zw4-bxc,235,66,3,0.5454545454545454,66,0.7455621301775148,0.5342465753424658,2,0,0.007057651964201557,1.9204067586708773,0.0008300188924889542,0.00453743661227295,True,False
65,ier-4pm,431,97,3,0.8865979381443299,97,0.8952095808383234,0.8695652173913043,2,1,0.09600680648195617,0.9921098930368504,0.9667867468742694,0.9727179539103078,False,False
66,ier-4pm,285,93,3,0.40860215053763443,93,0.421875,0.5542168674698795,2,0,0.22571678650487081,0.9934900929203082,0.9651555449550367,0.9727179539103078,False,False
67,ier-4pm,392,105,3,0.5619047619047619,105,0.627177700348432,0.5098039215686274,2,0,0.10815545927035485,1.0747003677484854,0.41167869468523677,0.5870896167685116,False,False
68,ier-4pm,420,101,3,0.9504950495049505,101,0.9655172413793104,0.5,2,2,0.2781684362039964,1.3471510742866255,0.26760766067513764,0.42609375097788904,False,False
69,ier-4pm,417,105,3,0.6952380952380952,105,0.8685897435897436,0.8493150684931506,2,1,0.23287578377671786,1.7752067177527076,9.38267428354637e-08,3.0775171650032095e-06,True,False
70,ier-4pm,426,110,3,0.7545454545454545,110,0.8449367088607594,0.6578947368421053,2,0,0.21003266902936066,1.1514974285969282,0.2902335757790947,0.45331720407401455,False,False
71,ier-4pm,431,100,3,0.52,100,0.7311178247734139,0.7372262773722628,2,0,0.34039287731151663,1.520526504088778,0.0006448602671539088,0.004067580146663117,True,False
73,zw4-bxc,318,73,3,0.6438356164383562,73,0.5387755102040817,0.6546762589928058,2,0,0.06472264884170455,0.7813417761974771,0.07038878362001913,0.18323429386798631,False,False
74,zw4-bxc,325,75,3,0.9733333333333334,75,0.968,0.5,2,2,0.30037630770439117,1.0403393700598274,0.9089530531015018,0.9719839125595646,False,False
75,zw4-bxc,315,75,3,0.5866666666666667,75,0.8208333333333333,0.7162162162162162,2,0,0.32230185919911897,1.9500423509637825,1.9025855237915656e-07,3.900300323772709e-06,True,False
76,zw4-bxc,317,74,3,0.9864864864864865,74,0.9753086419753086,0.5714285714285714,2,2,0.22745097498372316,0.7294254005422329,0.18456961919226667,0.3479243396268015,False,False
92,s5m-mc2,588,121,3,0.6446280991735537,121,0.6252676659528907,0.5596330275229358,2,0,0.25879795508526815,0.98953636922118,0.9176292483405277,0.9719839125595646,False,False
94,s5m-mc2,587,118,3,0.7203389830508474,118,0.8614072494669509,0.5612244897959183,2,0,0.08560209066468094,1.6113214184153066,3.012234852625286e-05,0.0002905920681356158,True,False
95,s5m-mc2,623,121,3,0.9421487603305785,121,0.9342629482071713,0.975,2,1,0.06367592539336636,0.9836489456359824,0.9227658134960623,0.9719839125595646,False,False
96,s5m-mc2,605,123,4,0.8617886178861789,123,0.8796680497925311,0.7066666666666667,3,2,0.36710251594686977,1.089709287963854,0.4870413260897203,0.6601221279232573,False,False
97,s5m-mc2,591,120,3,0.925,120,0.9447983014861996,0.5428571428571428,2,2,0.08751600789437197,0.9265200289312816,0.7580949353516137,0.888054067126176,False,False
98,s5m-mc2,603,124,4,0.75,124,0.8204592901878914,0.5897435897435898,3,1,0.15863681448231184,1.28013797250983,0.015602716934922184,0.054443522921856134,False,False
99,s5m-mc2,576,124,3,0.8467741935483871,124,0.9557522123893806,0.5128205128205128,2,2,0.05723042830013249,2.5988551276114,8.051823364986789e-10,6.602495159289166e-08,True,False
100,s5m-mc2,571,120,3,0.5666666666666667,120,0.6541019955654102,0.5673076923076923,2,0,0.18904877988619315,1.165075798670433,0.1169425326807395,0.2516370033410523,False,False
101,s5m-mc2,589,122,3,0.7459016393442623,122,0.8865096359743041,0.7142857142857143,2,1,0.15151063220526778,1.4824990652659886,0.043863395467568976,0.12845708672645198,False,False
106,s5m-mc2,399,115,3,0.9130434782608695,115,0.9119718309859155,0.7142857142857143,2,1,0.191764210878054,1.2491427235150419,0.16063366974148852,0.32523360293338416,False,False
108,s5m-mc2,143,58,3,0.7241379310344828,58,0.8588235294117647,0.7857142857142857,2,1,0.26830832538769817,1.7797321888242832,0.07207939393651862,0.18470344696232896,False,False
109,s5m-mc2,508,115,2,0.9043478260869565,115,0.9541984732824428,1.0,1,0,0.2421091667118424,1.4419327699746871,0.06428315461576929,0.17491041842392988,False,False
110,s5m-mc2,605,126,3,0.7936507936507936,126,0.8830897703549061,0.7195121951219512,2,1,0.24261461737098025,1.446976370230141,0.002962279403836751,0.012784574269190187,True,False
111,s5m-mc2,624,123,3,0.959349593495935,123,0.9241516966067864,0.7674418604651163,2,1,0.19166695488593885,0.7773828662221787,0.11689734252216986,0.2516370033410523,False,False
112,s5m-mc2,608,128,3,0.84375,128,0.8916666666666667,0.9305555555555556,2,1,0.2729506729225182,1.1647761400587013,0.21787882226619382,0.3683724417696473,False,False
113,2qx-6t6,698,131,3,0.9847328244274809,131,0.9929453262786596,0.8333333333333334,2,2,0.19270255228068314,1.4840717043572837,0.23285507137359673,0.38272432342922774,False,False
115,s5m-mc2,621,121,3,0.9256198347107438,121,0.902,0.9482758620689655,2,1,0.040248188004446746,0.6586308730831363,0.018598433788419733,0.06354464877710075,False,False
116,s5m-mc2,378,114,3,0.9298245614035088,114,0.9015151515151515,0.8823529411764706,2,1,0.22829612924453563,0.8608304542060121,0.463682641191812,0.6444402809784506,False,False
117,s5m-mc2,390,116,4,0.8189655172413793,116,0.8102189781021898,0.6986301369863014,3,2,0.11259516618030568,1.1765162259550492,0.2631853997355965,0.42316083879056693,False,False
118,s5m-mc2,566,118,3,0.8983050847457628,118,0.9799107142857143,0.5238095238095238,2,2,0.18937234802149114,2.5367364134045305,7.695554621150284e-05,0.0006642478725624456,True,False
120,zw4-bxc,272,67,5,0.6119402985074627,67,0.7951219512195122,0.7352941176470589,4,3,0.2597041938581482,1.609667193766726,0.0015774193254405272,0.0073913362677784705,True,False
123,zw4-bxc,198,69,4,0.7101449275362319,69,0.7209302325581395,0.7142857142857143,3,1,0.14089990988125486,1.0240488563854218,0.9016460911595199,0.9719839125595646,False,False
125,qo3-q5s,135,62,3,0.967741935483871,62,0.9452054794520548,0.6666666666666666,2,2,0.12597833206981152,0.8548151204047689,0.7226943642477144,0.8572799327685575,False,False
127,qo3-q5s,150,76,3,0.40789473684210525,76,0.5135135135135135,0.7654320987654321,2,0,0.20533873998233812,1.1508283798627323,0.601450808931351,0.7587533281903197,False,False
128,qo3-q5s,161,70,2,0.9714285714285714,70,0.989010989010989,1.0,1,1,0.02777310425952013,2.649035334491247,0.23336848989587056,0.38272432342922774,False,False
129,qo3-q5s,139,65,3,0.8153846153846154,65,0.7162162162162162,0.6666666666666666,2,0,0.21786551574302673,0.8557324836386041,0.5532156028154122,0.726472628165405,False,False
130,s5m-mc2,578,122,4,0.6475409836065574,122,0.7521929824561403,0.6346153846153846,3,1,0.3062626943053902,1.2821343449552165,0.019288092075764502,0.06455606327398732,False,False
131,s5m-mc2,561,119,4,0.8571428571428571,119,0.9479638009049773,0.925,3,2,0.1457970741836183,1.6986723335987572,0.0034999450682198408,0.014717717722770612,True,False
132,s5m-mc2,558,122,4,0.5327868852459017,122,0.6720183486238532,0.82,3,2,0.298744427395699,1.1842439554650996,0.09341987095608646,0.21578674418025606,False,False
133,s5m-mc2,538,121,3,0.9917355371900827,121,0.9856115107913669,0.7142857142857143,2,2,0.1260267777962317,0.8757737327543101,0.7121588510809485,0.8572799327685575,False,False
134,s5m-mc2,582,120,4,0.975,120,0.9653679653679653,0.8421052631578947,3,3,0.04819218926663902,1.1433503228634858,0.3884058897682495,0.5587593501929204,False,False
135,s5m-mc2,566,121,4,0.9586776859504132,121,0.9752808988764045,0.5625,3,3,0.1367123716373625,1.3386460026891889,0.20102402360582428,0.3591161912988496,False,False
140,ier-4pm,175,73,2,0.4931506849315068,73,0.8333333333333334,1.0,1,0,0.36614004143043294,3.438534493418609,3.552585473382615e-06,4.855200146956241e-05,True,False
141,ier-4pm,384,93,3,0.6774193548387096,93,0.8281786941580757,0.9,2,1,0.38585646889233227,1.558575142025774,0.0005536214084160031,0.003783079624176021,True,False
142,s5m-mc2,528,117,4,0.6410256410256411,117,0.8540145985401459,0.9705882352941176,3,2,0.15961006812307799,1.911738731486613,4.450642491607069e-09,2.073224603779232e-07,True,False
143,qo3-q5s,156,69,3,0.8260869565217391,69,0.9080459770114943,0.95,2,1,0.2661476858706291,1.7789404269704214,0.026949100398492208,0.08338966915759853,False,False
144,qo3-q5s,156,70,3,0.8285714285714286,70,0.9069767441860465,0.85,2,1,0.15969455759038276,1.8858731642275104,0.106354683542894,0.23893380960321392,False,False
145,qo3-q5s,148,66,3,0.9545454545454546,66,0.926829268292683,0.5555555555555556,2,2,0.1140730456828107,0.6969886595017526,0.31155325168101344,0.4775208717353851,False,False
157,s5m-mc2,487,119,3,0.8571428571428571,119,0.8913043478260869,0.7192982456140351,2,1,0.40744651760293105,1.2401366651960917,0.2301502614886507,0.38272432342922774,False,False
158,s5m-mc2,548,115,2,0.9652173913043478,115,0.9953810623556582,1.0,1,1,-0.04560220869135265,2.3360956116165834,0.11236513197648335,0.24902542762355767,False,False
159,s5m-mc2,481,117,3,0.9145299145299145,117,0.967032967032967,0.7272727272727273,2,2,0.05287051778897564,1.9662785427328424,0.0023391499642168466,0.010656127614765634,True,False
160,2qx-6t6,623,126,3,0.5079365079365079,126,0.6740442655935613,0.8214285714285714,2,0,0.34303098776497276,1.604219503232659,1.9765332950827045e-06,2.9468314581233048e-05,True,False
162,2qx-6t6,601,125,4,0.808,125,0.9012605042016807,0.8309859154929577,3,2,0.26488508201940814,1.463096599758832,0.00028504136537184556,0.002032468866129681,True,False
176,zw4-bxc,299,68,3,0.9558823529411765,68,0.935064935064935,0.7222222222222222,2,2,0.2756322201386414,0.8881058250039426,0.6575141445614356,0.8169115129399654,False,False
177,zw4-bxc,296,73,2,0.8767123287671232,73,0.9282511210762332,1.0,1,0,0.2091963037579612,1.7112795394178433,0.006999156288340359,0.02869654078219547,True,False
184,s5m-mc2,534,113,3,0.8761061946902655,113,0.9287410926365796,0.7954545454545454,2,1,0.16997603242684015,1.4630802539971814,0.013674044841056233,0.049834296754071604,True,False
185,s5m-mc2,501,111,3,0.7657657657657657,111,0.8153846153846154,0.6326530612244898,2,0,0.41755262200674054,1.2054332541272168,0.09283480004055233,0.21578674418025606,False,False
186,s5m-mc2,473,105,2,0.7904761904761904,105,0.8179347826086957,1.0,1,0,0.34023439254402227,1.2424820954944917,0.037941836924204685,0.11313565919217396,False,False
187,s5m-mc2,500,111,3,0.972972972972973,111,0.9768637532133676,0.5,2,2,0.1695561030118282,1.4449702692293593,0.21608460184305778,0.3683724417696473,False,False
188,s5m-mc2,522,116,3,0.9396551724137931,116,0.9753694581280788,0.5882352941176471,2,2,0.2690368691906239,1.4704249139177408,0.06039026726423333,0.1707586867471425,False,False
189,2qx-6t6,567,125,2,0.84,125,0.9457013574660633,1.0,1,0,0.017536242780400575,1.9804184253053052,0.0009374599251197348,0.004658891749079894,True,False
190,2qx-6t6,555,126,3,0.8968253968253969,126,0.951048951048951,0.7058823529411765,2,2,0.2571182398989971,1.4872314907127726,0.012457112629021409,0.04643105616271616,True,False
191,s5m-mc2,507,114,3,0.7280701754385965,114,0.8956743002544529,0.5138888888888888,2,0,0.1788603494561113,2.0110297680684113,1.531979512398839e-07,3.5892091433344223e-06,True,False
193,ier-4pm,337,82,3,0.5609756097560976,82,0.5882352941176471,0.7872340425531915,2,0,0.04977848974638331,1.1095475879745424,0.482188773564338,0.6589913238712619,False,False
194,ier-4pm,359,86,2,0.9534883720930233,86,0.945054945054945,1.0,1,0,0.1348574205279729,1.0519280826818473,0.8092051273791189,0.9187728837920914,False,False
196,s5m-mc2,498,113,3,0.8495575221238938,113,0.9142857142857143,0.86,2,1,0.13406571395894967,1.700436272330584,0.0009372172457958939,0.004658891749079894,True,False
198,s5m-mc2,532,115,3,0.9826086956521739,115,0.9664268585131894,0.8125,2,2,0.18536504902497775,0.6186375116198888,0.20542954800260327,0.3591161912988496,False,False
199,s5m-mc2,298,105,3,0.7523809523809524,105,0.8290155440414507,0.8983050847457628,2,1,0.3231936074166436,1.473953812905892,0.015378309583141703,0.054443522921856134,False,False
200,ier-4pm,324,87,4,0.7471264367816092,87,0.8565400843881856,0.6428571428571429,3,2,0.08676502186258396,1.4446238485490495,0.06155253869763198,0.17109519231206177,False,False
201,ier-4pm,339,77,3,0.8961038961038961,77,0.9427480916030534,0.6956521739130435,2,2,0.4727806010368716,1.6620459512570784,0.00807759198003319,0.031541073445843885,True,False
202,ier-4pm,323,79,2,0.9873417721518988,79,1.0,1.0,1,1,0.3821326003674633,8881991073.350178,4.402757690990327e-110,7.220522613224136e-108,True,False
203,s5m-mc2,471,104,4,0.6730769230769231,104,0.8528610354223434,0.75,3,2,0.1405976031086706,1.9302821548216034,5.056645375071297e-09,2.073224603779232e-07,True,False
204,d6s-bu8,574,117,3,0.8205128205128205,117,0.8643326039387309,0.5662650602409639,2,0,0.24429540440079336,1.1955632235464329,0.18006244710797803,0.34337489913614416,False,False
205,d6s-bu8,574,118,3,0.7966101694915254,118,0.8135964912280702,0.8073394495412844,2,1,0.19226316107274313,1.0458681083669652,0.7164834765451114,0.8572799327685575,False,False
206,d6s-bu8,553,122,3,0.5245901639344263,122,0.6078886310904872,0.5418502202643172,2,0,0.19490089362533491,1.2226714374004124,0.0763419020093807,0.1896980595384611,False,False
207,d6s-bu8,511,113,3,0.7433628318584071,113,0.7889447236180904,0.7610619469026548,2,0,0.26726034803378823,0.9945042821506702,0.9655183266764857,0.9727179539103078,False,False
208,d6s-bu8,544,119,3,0.8487394957983193,119,0.8588235294117647,0.5256410256410257,2,0,0.22462517294454754,0.9890850364456297,0.9318753734622274,0.9719839125595646,False,False
209,d6s-bu8,588,120,3,0.9083333333333333,120,0.9743589743589743,0.7391304347826086,2,2,0.37200358844781284,2.397670720082047,5.915335089738526e-07,1.0779055052412425e-05,True,False
210,d6s-bu8,552,120,3,0.675,120,0.8356481481481481,0.6454545454545455,2,0,0.19255306670374903,1.6948783371653002,5.5343582086921695e-05,0.0005042415256808421,True,False
211,s5m-mc2,484,108,3,0.9259259259259259,108,0.9308510638297872,0.7352941176470589,2,1,0.26718700536784556,0.9351698907649445,0.7265970161879847,0.8572799327685575,False,False
212,s5m-mc2,502,108,4,0.8055555555555556,108,0.9238578680203046,0.5490196078431373,3,2,0.26402998678440875,2.2300468764094163,1.3102595426362552e-07,3.5813760832057645e-06,True,False
213,s5m-mc2,484,103,3,0.8446601941747572,103,0.9002624671916011,0.9444444444444444,2,1,0.38643814867166204,1.2728985489393343,0.08772591345536762,0.21157426186294545,False,False
214,s5m-mc2,429,104,4,0.7884615384615384,104,0.8769230769230769,0.6935483870967742,3,2,0.2760977664745004,1.3544911402655893,0.06800797971333741,0.1798920753707635,False,False
215,ier-4pm,341,81,3,0.8024691358024691,81,0.9346153846153846,0.6363636363636364,2,1,0.2884882520587866,2.142646202389649,0.0006920746426434205,0.00420371264420448,True,False
216,zw4-bxc,244,60,4,0.8166666666666667,60,0.8858695652173914,0.71875,3,2,0.27362932900349646,1.6836936357667591,0.0012472191393315863,0.0060159982014817695,True,False
217,s5m-mc2,250,95,2,0.8842105263157894,95,0.9612903225806452,1.0,1,0,0.13855522919390595,1.713154404402262,0.16416297807533797,0.32832595615067595,False,False
218,s5m-mc2,470,107,3,0.7757009345794392,107,0.7603305785123967,0.8378378378378378,2,1,0.3576095483268992,0.9240211670850847,0.5158539541387072,0.6878052721849429,False,False
219,s5m-mc2,483,105,2,0.8761904761904762,105,0.9417989417989417,1.0,1,0,0.31145545469474584,1.4658227246715796,0.20583489013470646,0.3591161912988496,False,False
220,s5m-mc2,469,106,2,0.8301886792452831,106,0.9614325068870524,1.0,1,0,0.10003227244340374,2.5135350791181787,8.031885379840018e-07,1.317229202293763e-05,True,False
221,s5m-mc2,427,105,3,0.9428571428571428,105,0.9347826086956522,0.7407407407407407,2,2,0.3862129111893145,1.0101382678218243,0.9631109166649047,0.9727179539103078,False,False
222,s5m-mc2,443,103,3,0.7184466019417476,103,0.8117647058823529,0.8172043010752689,2,1,0.3448198447126483,1.443697460291302,0.0026270326017731,0.011644144505156443,True,False
223,fgs-usq,252,92,2,0.8478260869565217,92,0.95625,1.0,1,0,0.23571262584346858,2.94548827318793,8.969581264666386e-06,9.806742182701915e-05,True,False
225,g25-pwd,178,91,4,0.7362637362637363,91,0.7701149425287356,0.4772727272727273,3,1,0.41887893875941273,1.0745892302648496,0.8080487144399744,0.9187728837920914,False,False
227,g25-pwd,185,89,3,0.8764044943820225,89,0.9270833333333334,0.8333333333333334,2,1,0.367834865138675,1.6074524278165083,0.10004741794278811,0.22788578531412848,False,False
228,g25-pwd,194,87,4,0.7931034482758621,87,0.7383177570093458,0.6304347826086957,3,2,0.19878489427427376,0.904872980271764,0.6753426312747557,0.8327533197673679,False,False
229,g25-pwd,184,85,3,0.8588235294117647,85,0.8686868686868687,0.8,2,1,0.3226237373843347,1.2559708147241073,0.3872610349332284,0.5587593501929204,False,False
230,g25-pwd,166,82,3,0.8292682926829268,82,0.9285714285714286,0.8,2,1,0.08039552034491254,2.2219244774150018,0.022987481441789415,0.07249897993179738,False,False
240,fgs-usq,234,88,3,0.8068181818181818,88,0.8698630136986302,0.8611111111111112,2,1,0.12967256668088248,1.4248422022194025,0.080294540543827,0.19654186043563623,False,False
242,ier-4pm,308,73,3,0.6301369863013698,73,0.8553191489361702,0.5901639344262295,2,0,0.16687888436797094,2.1320774183977704,4.933264566813751e-06,6.223502991980424e-05,True,False
243,s5m-mc2,209,74,3,0.972972972972973,74,0.9703703703703703,0.6666666666666666,2,2,0.3875975605553315,1.3928731118592401,0.34026706728473544,0.5119614590339139,False,False
244,ier-4pm,119,57,3,0.9649122807017544,57,0.9838709677419355,0.6666666666666666,2,2,0.0992767446119237,2.347451190326897,0.33591431281883355,0.5100921046508213,False,False
246,zw4-bxc,106,42,4,0.8571428571428571,42,0.859375,0.8666666666666667,3,2,0.052753663996332974,1.0779410117818222,0.8556715960311028,0.9481766334398706,False,False
247,2qx-6t6,326,81,2,0.9753086419753086,81,0.9755102040816327,1.0,1,1,-0.01818798248882785,1.215738113651539,0.5636014362020174,0.7335764725169115,False,False
248,ier-4pm,128,56,1,1.0,56,1.0,,0,0,,,,,False,False
249,ier-4pm,220,68,1,1.0,68,1.0,,0,0,,,,,False,False
251,g25-pwd,243,76,3,0.868421052631579,76,0.9101796407185628,0.64,2,1,0.03732170521561362,1.1031164980674841,0.7101066750355365,0.8572799327685575,False,False
252,g25-pwd,259,80,3,0.9,80,0.9329608938547486,0.65,2,1,0.2781580125450078,1.4210362965378764,0.1739828960976857,0.33968089238119586,False,False
253,g25-pwd,261,78,3,0.7948717948717948,78,0.8907103825136612,0.5555555555555556,2,0,0.14500115718468018,1.8252793948065824,0.0073244987964016005,0.029297995185606402,True,False
254,g25-pwd,264,82,3,0.9024390243902439,82,0.9395604395604396,0.5263157894736842,2,2,0.4021257401253156,1.445639986222618,0.20132320038036178,0.3591161912988496,False,False
255,g25-pwd,256,79,4,0.8607594936708861,79,0.9152542372881356,0.8461538461538461,3,2,0.31029450273625236,1.3828630188832538,0.19978748200122587,0.3591161912988496,False,False
256,g25-pwd,264,79,3,0.8734177215189873,79,0.8594594594594595,0.8888888888888888,2,1,0.3156071518263688,0.9876684699137637,0.9405724860622435,0.9719839125595646,False,False
257,g25-pwd,159,73,3,0.6986301369863014,73,0.7906976744186046,0.925,2,1,0.24828922087703603,1.2439650375844502,0.37349992088024075,0.5518377209401755,False,False
258,g25-pwd,179,71,3,0.6056338028169014,71,0.8055555555555556,0.6530612244897959,2,0,0.23779610650601068,2.0568687889867565,0.0008020551506509167,0.004535760162301736,True,False
259,g25-pwd,208,67,4,0.5522388059701493,67,0.6524822695035462,0.6582278481012658,3,0,0.33724221103037677,1.3516031944482367,0.06505814343816904,0.17491041842392988,False,False
260,g25-pwd,224,75,4,0.6666666666666666,75,0.9060402684563759,0.48717948717948717,3,1,0.10882711663623025,2.677908427246004,0.0001530944381953141,0.0011955946601919767,True,False
261,g25-pwd,214,73,4,0.4657534246575342,73,0.6950354609929078,0.7560975609756098,3,1,0.03880320631523761,1.95467786250429,1.61209116691793e-05,0.00016523934460908784,True,False
262,s5m-mc2,198,73,4,0.821917808219178,73,0.92,0.4782608695652174,3,2,0.11938380937157303,2.383168431914036,0.0007989748565338126,0.004535760162301736,True,False
264,zw4-bxc,108,41,3,0.8292682926829268,41,0.7611940298507462,0.7391304347826086,2,0,0.22056877431219168,0.9107393634413101,0.7692187358848424,0.89469413251854,False,False
265,zw4-bxc,107,41,3,0.5609756097560976,41,0.7575757575757576,0.5294117647058824,2,0,0.5032647872385797,1.9113628250958852,0.032060521734138835,0.09736899193331053,False,False
274,d6s-bu8,217,76,3,0.9342105263157895,76,0.9858156028368794,0.7142857142857143,2,2,0.46444813026133386,3.1060240505741774,0.022289658142918743,0.07167654775369948,False,False
275,d6s-bu8,235,79,2,1.0,79,0.9935897435897436,1.0,1,1,,1.021916274994332,0.7881291142942228,0.910233624959525,False,False
276,d6s-bu8,219,80,3,0.975,80,0.9856115107913669,0.75,2,2,0.6602985729481841,1.594208379868324,0.21394212016923542,0.3683724417696473,False,False
277,d6s-bu8,232,81,2,0.9753086419753086,81,0.9403973509933775,1.0,1,1,0.20122881187760566,0.9801053155286981,0.9423502566888462,0.9719839125595646,False,False
278,d6s-bu8,235,78,3,0.9487179487179487,78,0.9681528662420382,0.7777777777777778,2,2,-0.006520802318704739,1.102677297009095,0.8475226276617207,0.94553544854777,False,False
279,d6s-bu8,235,80,3,0.9125,80,0.9483870967741935,0.5333333333333333,2,2,0.3556263543658925,1.4742841609702648,0.1252251040209272,0.2599609754358489,False,False
280,d6s-bu8,219,76,2,0.9605263157894737,76,0.986013986013986,1.0,1,1,0.37557480576583907,1.532423705710249,0.38458343134653605,0.5587593501929204,False,False
281,d6s-bu8,204,79,3,0.9873417721518988,79,0.992,0.5,2,2,0.5433954326699615,0.824876618785138,0.8661723877472307,0.9533709502721197,False,False
282,d6s-bu8,207,79,3,0.8734177215189873,79,0.875,0.7692307692307693,2,1,-0.12876564675933297,1.0015851139542322,0.9957296557074474,0.9957296557074474,False,False
283,d6s-bu8,226,79,3,0.9746835443037974,79,0.9727891156462585,0.6666666666666666,2,2,0.12746626499329788,0.7528403596653003,0.6810036463903137,0.8334671493135184,False,False
284,d6s-bu8,219,78,2,1.0,78,0.9929078014184397,1.0,1,1,,0.8761307970114769,0.09065557296750465,0.21547121690827192,False,False
287,d6s-bu8,218,80,3,0.7,80,0.7681159420289855,0.6071428571428571,2,0,0.20648841931607842,1.3231001539074263,0.12249300175404335,0.2575493883033732,False,False
288,cgn-jqc,240,96,3,1.0,96,0.9513888888888888,0.7142857142857143,2,2,,0.22665686025798812,0.0008956085185869953,0.004658891749079894,False,True
289,cgn-jqc,238,95,4,0.8947368421052632,95,0.9300699300699301,0.5,3,3,0.4416040615281573,1.649686386588834,0.05155195809263823,0.14832493205601177,False,False
290,cgn-jqc,250,91,4,0.8351648351648352,91,0.8427672955974843,0.35,3,0,0.3730964174099911,1.1749756507295714,0.2752997492897107,0.43412652772608223,False,False
291,cgn-jqc,239,94,3,0.9893617021276596,94,0.9862068965517241,0.6666666666666666,2,2,0.5378681542977558,1.370384842645935,0.5537138934187539,0.726472628165405,False,False
292,cgn-jqc,246,92,4,0.9347826086956522,92,0.9285714285714286,0.7647058823529411,3,2,0.14422289247088305,1.1372369385941306,0.646901020832008,0.8098608199728954,False,False
293,cgn-jqc,245,91,4,0.978021978021978,91,0.974025974025974,0.3333333333333333,3,3,0.07154817541010687,0.7780082086476248,0.5893372549195859,0.7550883578657194,False,False
294,cgn-jqc,270,97,3,0.9690721649484536,97,0.953757225433526,0.9090909090909091,2,2,-0.10824162506790654,1.0622223172034748,0.8808630667409585,0.9566989599040874,False,False
295,cgn-jqc,230,89,4,0.8651685393258427,89,0.8439716312056738,0.5882352941176471,3,1,0.29415068254391097,0.9584921666801371,0.8458392389715776,0.94553544854777,False,False
296,cgn-jqc,255,96,4,0.8854166666666666,96,0.89937106918239,0.5185185185185185,3,2,0.23620745496892287,1.1983579172044099,0.4784463774742854,0.6589913238712619,False,False
297,cgn-jqc,253,93,4,0.946236559139785,93,0.9625,0.45454545454545453,3,3,0.4545308233759142,1.5704019065718298,0.20097198330879662,0.3591161912988496,False,False
298,cgn-jqc,246,96,4,0.9270833333333334,96,0.9533333333333334,0.7142857142857143,3,3,0.3106694130911569,1.4378444707305256,0.4316132324235521,0.6102118113574357,False,False
299,cgn-jqc,229,92,4,0.8043478260869565,92,0.8102189781021898,0.5681818181818182,3,1,0.34372529619065806,1.1067287026412462,0.5760125783652192,0.7438272665503618,False,False
300,cgn-jqc,243,91,4,0.8131868131868132,91,0.8092105263157895,0.5217391304347826,3,1,0.48556619271099377,0.9835364846093642,0.9359665700295372,0.9719839125595646,False,False
301,cgn-jqc,246,94,4,0.9787234042553191,94,0.993421052631579,0.3333333333333333,3,3,0.3108725702471463,3.101448960999445,0.17979452198371426,0.34337489913614416,False,False
302,cgn-jqc,229,91,4,0.9120879120879121,91,0.8913043478260869,0.5217391304347826,3,2,0.2511518733843654,0.894995406311509,0.6003045989471423,0.7587533281903197,False,False
303,cgn-jqc,260,96,3,0.9583333333333334,96,0.9878048780487805,0.8333333333333334,2,2,0.20649647450680247,2.1021914627773377,0.11814664181256723,0.2516370033410523,False,False
304,cgn-jqc,244,95,2,0.9789473684210527,95,0.9865771812080537,1.0,1,1,0.6654772400696649,1.4466801754424965,0.3495264940063362,0.5211122274276284,False,False
305,cgn-jqc,248,94,4,0.5,94,0.7532467532467533,0.43529411764705883,3,0,0.13900821191262167,2.374093727733969,7.298235213686147e-06,8.549361250318057e-05,True,False
306,cgn-jqc,245,94,3,0.9680851063829787,94,0.9867549668874173,0.8,2,2,0.43877120523212254,1.9333586770754736,0.2590635554582683,0.4206576544074852,False,False
307,cgn-jqc,256,95,3,0.8631578947368421,95,0.9254658385093167,0.72,2,1,0.3564766454985659,1.8274404112473244,0.008375265685701301,0.031942873778023566,True,False
308,cgn-jqc,238,90,3,0.9222222222222223,90,0.9324324324324325,0.6470588235294118,2,2,0.3946474468801492,1.0561587880087715,0.8745860984383305,0.9562141342925746,False,False
