etap,n,k,osoby,p,ci_lo,ci_hi,proba
1,15907,13143,187,0.8262400201169297,0.8115009832310807,0.8399966687979877,all
2,12504,10733,160,0.8583653230966091,0.8423169800979126,0.8726294643486172,all
3,9625,8414,149,0.8741818181818182,0.8585957788502975,0.8890081857615525,all
4,7163,6335,141,0.8844059751500768,0.8676401134795781,0.8993848495062482,all
5,5205,4638,129,0.8910662824207493,0.8739649255009962,0.9069372508645446,all
6,3702,3314,106,0.8951917882225824,0.8759756698675961,0.9126742644150995,all
7,2642,2375,90,0.8989401968205905,0.8797893253316503,0.9164581815306232,all
8,1845,1656,81,0.8975609756097561,0.8790720837363117,0.9153718879952265,all
9,1186,1080,70,0.9106239460370995,0.8903686103535902,0.9297758286735964,all
10,1531,1406,57,0.9183540169823645,0.885267570970696,0.9440355454772626,all
1,5205,4261,129,0.8186359269932757,0.7977938630438326,0.838262947429652,cohort
2,5205,4469,129,0.858597502401537,0.8393555684220289,0.8769070975097757,cohort
3,5205,4543,129,0.8728146013448607,0.8538125651710533,0.8896582698834077,cohort
4,5205,4599,129,0.8835734870317002,0.8660299215309187,0.9001076793814596,cohort
5,5205,4638,129,0.8910662824207493,0.8734238404167821,0.9065056759545923,cohort
