przedzial,n,k,osoby,p,ci_lo,ci_hi,poprzednia,przedzial_dni
0,949,579,134,0.6101159114857745,0.5688063907099419,0.6526223348387079,0,<14
1,1631,987,137,0.6051502145922747,0.5692845107733122,0.646056515241315,0,14--29
2,1327,756,114,0.5697061039939714,0.5388256161314413,0.6033744094384081,0,30--59
3,964,525,110,0.5446058091286307,0.5068808617327515,0.5883945616804481,0,60--119
4,724,429,113,0.5925414364640884,0.5537384417574001,0.6365175496083152,0,120--239
5,546,319,91,0.5842490842490843,0.5409105780080522,0.6277792486132123,0,$\geq$240
0,6316,6012,156,0.9518682710576314,0.9435528969070776,0.9595817661956374,1,<14
1,10890,10262,151,0.9423324150596878,0.9325831856456109,0.9506621313371431,1,14--29
2,8382,7723,136,0.9213791457885946,0.9107201760482104,0.9310969382329193,1,30--59
3,6261,5708,125,0.9116754512058777,0.8996745323226367,0.9227678972918387,1,60--119
4,4236,3840,126,0.9065155807365439,0.8934409923252411,0.9190446196077079,1,120--239
5,3177,2811,112,0.8847969782813976,0.8718115941754084,0.8969829598506069,1,$\geq$240
