Sekcja;Zagadnienie;Podstawa prawna;Zgodność;Techniczne;Użytkownika;Oczekiwana odpowiedź;Typ pytania;Blokujące;Zakres
ORGANIZACJA;Strategia cyberbezpieczeństwa w organizacji;NIS2 art. 20 ust. 1, DORA art. 5;Czy organ zarządzający formalnie zatwierdził strategię cyberbezpieczeństwa i ponosi za nią odpowiedzialność prawną?;Czy strategia cyberbezpieczeństwa jest przełożona na udokumentowane wymagania techniczne (polityki, standardy konfiguracji) obowiązujące we wszystkich systemach informatycznych organizacji?;Czy wiesz, gdzie w firmie można znaleźć strategię lub politykę cyberbezpieczeństwa?;Tak;obowiązkowe;tak;DORA, NIS2
ORGANIZACJA;Przeprowadzone szkolenia zarządu;NIS2 art. 20 ust. 2 / DORA art. 5 ust. 4;Czy członkowie zarządu przeszli obowiązkowe szkolenia z cyberbezpieczeństwa?;Czy szkolenia członków zarządu są udokumentowane (lista uczestników, daty, zakres) w sposób możliwy do przedstawienia audytorowi?;Czy w ciągu ostatnich 12 miesięcy zarząd Twojej firmy uczestniczył w szkoleniu z cyberbezpieczeństwa, o którym poinformowano pracowników?;Tak;obowiązkowe;nie;DORA, NIS2
ORGANIZACJA;Ramy zarządzania ryzykiem ICT;NIS2 art. 21 ust. 1 / DORA art. 6;Czy organizacja wdrożyła udokumentowane ramy zarządzania ryzykiem ICT zatwierdzone przez zarząd?;Czy ramy obejmują rejestr ryzyk z właścicielami i planami mitygacji aktualizowany co najmniej raz w roku?;Czy wiesz, komu w firmie zgłosić zauważone ryzyko związane z systemami IT (np. przestarzałe oprogramowanie, brak kopii zapasowej)?;Tak;obowiązkowe;tak;DORA, NIS2
ORGANIZACJA;Ocena ryzyka łańcucha dostaw;NIS2 art. 21 ust. 2 lit. d / DORA art. 28;Czy przeprowadzana jest regularna ocena ryzyka uwzględniająca łańcuch dostaw i dostawców zewnętrznych?;Czy ocena obejmuje wszystkich dostawców ICT z klasyfikacją krytyczności i udokumentowanymi wynikami?;Czy wiesz, jakie zewnętrzne firmy mają dostęp do systemów lub danych Twojej organizacji?;Tak;obowiązkowe;nie;DORA, NIS2
ORGANIZACJA;Zgłaszanie poważnych incydentów w 24h;NIS2 art. 23 ust. 4 lit. a / DORA art. 19 ust. 4 i art. 20;Czy organizacja jest w stanie zgłosić poważny incydent do organu krajowego w ciągu 24 godzin od wykrycia?;Czy system ticketowy (lub równoważny) wymusza terminy zgłoszeń wynikające z NIS2/DORA (np. 24 h / 72 h) z automatycznym przypomnieniem i obowiązkowym polem zgłoszenia do KNF/CSIRT?;Czy wiesz, co zrobić i do kogo zadzwonić, gdy zauważysz coś podejrzanego na swoim komputerze?;Tak;obowiązkowe;tak;DORA, NIS2
ORGANIZACJA;Klasyfikacja incydentów;NIS2 art. 23 ust. 3 / DORA art. 18;Czy organizacja posiada procedurę klasyfikacji incydentów pozwalającą ocenić, czy incydent jest poważny/znaczący?;Czy kryteria klasyfikacji są zaimplementowane w narzędziu obsługi incydentów (np. SIEM, system zgłoszeń lub rozwiązanie równoważne) jako reguły eskalacji lub obowiązkowe pola zgłoszenia?;Czy wiesz, gdzie znaleźć opis, kiedy zdarzenie należy zgłosić jako incydent bezpieczeństwa (np. instrukcja w intranecie)?;Tak;obowiązkowe;nie;DORA, NIS2
ORGANIZACJA;Powiadamianie klientów o incydentach;NIS2 art. 23 ust. 1 / DORA art. 14, art. 19 ust. 3;Czy organizacja posiada zatwierdzoną procedurę komunikacji kryzysowej, która w sposób operacyjny (szablony, kanały, progi istotności) wdraża obowiązek niezwłocznego informowania odbiorców usług o poważnych incydentach?;Czy istnieje system komunikacji z klientami / pracownikami z gotowymi szablonami uruchamialny w ciągu minut?;Czy wiesz, kto w firmie decyduje o powiadomieniu klientów lub pracowników o poważnym incydencie?;Tak;obowiązkowe;nie;DORA, NIS2
DANE_WRAZLIWE;Zgłaszanie naruszeń danych osobowych do UODO (72h);RODO art. 33;Czy organizacja posiada odrębną procedurę zgłaszania naruszeń ochrony danych osobowych do Prezesa UODO w ciągu 72 godzin, niezależną od procedury zgłoszeń NIS2/DORA do CSIRT?;Czy procedura rozróżnia incydent ICT (zgłoszenie do CSIRT/KNF) od naruszenia danych osobowych (zgłoszenie do UODO) i czy istnieją oddzielne ścieżki eskalacji?;Czy wiesz, komu zgłosić podejrzenie wycieku danych osobowych (np. wysłanie e-maila z danymi klientów do niewłaściwej osoby)?;Tak;obowiązkowe;tak;RODO
DANE_WRAZLIWE;Inspektor Ochrony Danych (IOD), powołanie i rejestracja;RODO art. 37–39;Czy organizacja powołała IOD, zarejestrowała go w UODO i udostępniła jego dane kontaktowe osobom, których dane dotyczą?;Czy dane kontaktowe IOD (adres e-mail, formularz) są opublikowane na stronie internetowej i w klauzulach informacyjnych systemów, a skrzynka IOD jest aktywna i monitorowana?;Czy wiesz, kto w Twojej firmie jest Inspektorem Ochrony Danych i jak możesz się z nim skontaktować?;Tak;zalecane;nie;RODO
DANE_WRAZLIWE;Rejestr Czynności Przetwarzania (RCP/ROPA);RODO art. 30;Czy organizacja prowadzi aktualny RCP zawierający: cel, podstawę prawną, kategorie danych, odbiorców, okresy retencji i środki bezpieczeństwa dla każdej czynności przetwarzania?;Czy RCP jest prowadzony w formie elektronicznej, dostępny dla IOD, powiązany z rejestrem systemów IT (CMDB) i aktualizowany w ramach procesu zarządzania zmianą przy każdym wdrożeniu lub zmianie systemu?;Czy wiesz, kto w firmie prowadzi rejestr czynności przetwarzania, do którego zgłasza się nowe procesy przetwarzania danych osobowych?;Tak;obowiązkowe;tak;RODO
DANE_WRAZLIWE;Harmonogram retencji i usuwania danych osobowych;RODO art. 5;Czy organizacja posiada formalny harmonogram retencji (retention schedule) z maksymalnymi okresami przechowywania dla każdej kategorii danych osobowych i przypisaną odpowiedzialnością za ich usuwanie?;Czy systemy IT mają wdrożone automatyczne reguły usuwania/anonimizacji danych osobowych po upływie okresu retencji, bez ręcznej interwencji administratora, i czy proces jest logowany?;Czy w systemach, z których korzystasz, dane osobowe dawnych klientów lub byłych pracowników są usuwane lub anonimizowane (nie widzisz danych osób, z którymi firma dawno zakończyła współpracę)?;Tak;zalecane;nie;RODO
BEZPIECZENSTWO_TECH;Testy bezpieczeństwa i testy penetracyjne;NIS2 art. 21 ust. 2 lit. f / DORA art. 24–25;Czy organizacja ma zatwierdzony program regularnych testów bezpieczeństwa obejmujący testy penetracyjne systemów krytycznych?;Czy istnieje roczny plan testów bezpieczeństwa z harmonogramem i zakresem, a wyniki każdego testu są udokumentowane wraz z planem usunięcia wykrytych podatności?;Czy wiesz, kto w firmie odpowiada za testy bezpieczeństwa systemów, z których korzystasz?;Tak;obowiązkowe;nie;DORA, NIS2
BEZPIECZENSTWO_TECH;Monitoring i wykrywanie anomalii;NIS2 art. 21 ust. 2 lit. b / DORA art. 10;Czy organizacja określiła i zatwierdziła zakres monitorowania bezpieczeństwa, tzn. które systemy krytyczne i strefy sieci są objęte ciągłym monitorowaniem, a dla obszarów nieobjętych monitoringiem udokumentowała uzasadnienie i środki kompensujące?;Czy zdarzenia bezpieczeństwa z systemów objętych zakresem monitorowania generują alerty w czasie zbliżonym do rzeczywistego, obsługiwane przez wyznaczony zespół lub usługę zewnętrzną (np. SIEM, SOC/MDR, EDR lub rozwiązanie równoważne)?;Czy w firmie działa zespół lub usługa (np. SOC, dział bezpieczeństwa), do której możesz zgłosić podejrzane zdarzenie o każdej porze?;Tak;zalecane;nie;DORA, NIS2
APLIKACJA;Uprawnienia i dostępy aplikacji dostawcy;DORA art. 9 / NIS2 art. 21;Czy aplikacje dostawców mają nadane wyłącznie minimalne uprawnienia niezbędne do działania zgodnie z zasadą least privilege?;Czy konta serwisowe aplikacji dostawcy mają ograniczony zakres uprawnień w AD/IAM, bez dostępu do niezwiązanych systemów, i są regularnie przeglądane?;Czy wiesz, kto w firmie zatwierdza zakres dostępu aplikacji i integracji dostawcy do systemów i danych, z których korzystasz?;Tak;obowiązkowe;nie;DORA, NIS2
BEZPIECZENSTWO_TECH;Zasada minimalnych uprawnień;DORA art. 9 / NIS2 art. 21;Czy dostęp do systemów krytycznych jest nadawany zgodnie z zasadą least privilege i regularnie przeglądany?;Czy uprawnienia do systemów krytycznych są przeglądane co najmniej raz na kwartał, a każdy przegląd jest odnotowany w narzędziu zarządzania dostępem (np. PAM, IAM lub rozwiązanie równoważne)?;Czy Twoje uprawnienia w systemach ograniczają się do tego, czego potrzebujesz w codziennej pracy?;Tak;obowiązkowe;tak;DORA, NIS2
BEZPIECZENSTWO_TECH;Szkolenia i świadomość pracowników;NIS2 art. 21 ust. 2 lit. g / DORA art. 13 ust. 6;Czy pracownicy przechodzą regularne szkolenia z cyberbezpieczeństwa?;Czy skuteczność szkoleń jest mierzona (np. przez symulowane ataki phishingowe lub testy wiedzy), a wyniki są dokumentowane?;Czy w ciągu ostatnich 12 miesięcy uczestniczyłeś/aś w szkoleniu z cyberbezpieczeństwa?;Tak;obowiązkowe;nie;DORA, NIS2
BEZPIECZENSTWO_TECH;Offboarding (usuwanie dostępu);DORA art. 9 ust. 4 lit. c / NIS2 art. 21 ust. 2 lit. i;Czy istnieje udokumentowany proces dezaktywacji kont przy odejściu pracownika?;Czy offboarding jest zautomatyzowany i dezaktywuje wszystkie konta w dniu odejścia pracownika bez konieczności ręcznej akcji administratora w poszczególnych systemach?;Czy konta osób, które odeszły z firmy, znikają z książki adresowej i komunikatora najpóźniej w dniu ich odejścia?;Tak;obowiązkowe;nie;DORA, NIS2
BEZPIECZENSTWO_TECH;Bezpieczeństwo e-mail i załączników;RODO art. 32 / NIS2 art. 21 / DORA art. 9 ust. 3 lit. a;Czy organizacja posiada politykę regulującą wysyłanie danych wrażliwych przez e-mail i wymóg szyfrowania załączników?;Czy system pocztowy technicznie wykrywa i blokuje wysyłkę danych wrażliwych bez szyfrowania (np. DLP lub rozwiązanie równoważne)?;Czy wysyłając e-mailem plik z danymi klientów, zawsze stosujesz szyfrowanie (np. archiwum z hasłem przekazanym innym kanałem) lub firmowe narzędzie do bezpiecznego udostępniania plików?;Tak;zalecane;nie;DORA, NIS2, RODO
APLIKACJA;Dostęp zdalny dostawcy (remote access);DORA art. 28 / NIS2 art. 21 ust. 2 lit. d i lit. i;Czy zdalny dostęp dostawcy do tej aplikacji jest kontrolowany, logowany i ograniczony czasowo?;Czy każda sesja zdalna dostawcy wymaga jawnej akceptacji po stronie organizacji i wygasa po zakończeniu prac (np. mechanizm JIT lub rozwiązanie równoważne), tak że dostawca nie ma stałego dostępu?;Czy zanim serwisant zewnętrznego dostawcy połączy się zdalnie z tą aplikacją, ktoś w firmie (Ty lub dział IT) musi to zaakceptować?;Tak;obowiązkowe;nie;DORA, NIS2
APLIKACJA;Rejestr zasobów ICT (CMDB);DORA art. 8 / NIS2 art. 21 ust. 2 lit. i;Czy aplikacja figuruje w oficjalnym rejestrze zasobów ICT z przypisaną klasyfikacją krytyczności i właścicielem?;Czy system ma w rejestrze zasobów ICT (CMDB) wpis z przypisaną klasyfikacją krytyczności i właścicielem?;Czy wiesz, kto jest właścicielem tej aplikacji w organizacji, czyli kto odpowiada za jej bezpieczeństwo i aktualizacje?;Tak;obowiązkowe;tak;DORA, NIS2
APLIKACJA;Retencja i ochrona logów aplikacji;DORA art. 10 / NIS2 art. 21;Czy polityka rejestrowania zdarzeń określa dla tej aplikacji zakres rejestrowanych zdarzeń (logowania, zmiany uprawnień, operacje na danych), okres przechowywania logów i sposób ich ochrony przed modyfikacją?;Czy logi aplikacji są przechowywane przez co najmniej 12 miesięcy w repozytorium chronionym przed modyfikacją i usunięciem (np. magazyn WORM, SIEM, centralny serwer logów lub usługa zewnętrzna z kontrolą dostępu)?;Czy możesz uzyskać informację, kto, kiedy i co zmienił w rekordzie, na którym pracujesz, także dla operacji sprzed kilku miesięcy (bezpośrednio w aplikacji albo na zgłoszenie do działu IT)?;Tak;obowiązkowe;nie;DORA, NIS2
APLIKACJA;Szyfrowanie komunikacji (TLS);DORA art. 9 / NIS2 art. 21 ust. 2 lit. h / RODO art. 32;Czy komunikacja aplikacji jest szyfrowana przy użyciu TLS 1.2 lub nowszego?;Czy skanowanie konfiguracji potwierdza brak przestarzałych protokołów (TLS 1.0/1.1, SSL) i poprawność certyfikatów?;Czy gdy logujesz się do tej aplikacji przez przeglądarkę, adres zaczyna się od https:// w przeglądarce?;Tak;obowiązkowe;nie;DORA, NIS2, RODO
APLIKACJA;MFA dla wszystkich użytkowników;DORA art. 9 / NIS2 art. 21 ust. 2 lit. j;Czy organizacja posiada formalną politykę wymagającą MFA dla wszystkich kont tego systemu, w szczególności uprzywilejowanych i dostępu zdalnego, bez nieudokumentowanych wyjątków?;Czy MFA jest wymuszane technicznie (w IdP lub w samej aplikacji) dla wszystkich kont, w tym uprzywilejowanych i zdalnych, bez możliwości pominięcia przez użytkownika?;Czy logując się do tej aplikacji, musisz oprócz hasła potwierdzić tożsamość w drugi sposób (kod SMS, aplikacja w telefonie, klucz sprzętowy)?;Tak;obowiązkowe;tak;DORA, NIS2
APLIKACJA;Zarządzanie hasłami i polityką haseł;NIS2 art. 21 / DORA art. 9;Czy organizacja stosuje formalną politykę haseł (minimalna długość, złożoność, zakaz ponownego użycia)?;Czy polityka haseł jest wymuszana technicznie przez IdP/AD - niemożliwa do obejścia przez użytkownika?;Czy system odrzuca zbyt krótkie lub popularne hasła (np. „Haslo123”) i nie pozwala ustawić hasła, którego używałeś/aś wcześniej?;Tak;obowiązkowe;nie;DORA, NIS2
APLIKACJA;Backup;DORA art. 12 / NIS2 art. 21 ust. 2 lit. c;Czy organizacja posiada zatwierdzoną politykę kopii zapasowych określającą przechowywanie kopii w geograficznie odrębnej lokalizacji, okres retencji zgodny z wymogami regulacyjnymi oraz obowiązek regularnego testowania odtwarzania?;Czy kopie zapasowe systemu są odizolowane od środowiska produkcyjnego i chronione przed modyfikacją lub usunięciem (np. WORM, air-gap lub rozwiązanie równoważne)?;Czy przypadkowo usunięte lub uszkodzone dane w tej aplikacji można odzyskać na Twoją prośbę (np. przez zgłoszenie do IT)?;Tak;obowiązkowe;tak;DORA, NIS2
APLIKACJA;Zarządzanie podatnościami;NIS2 art. 21 ust. 2 lit. e / DORA art. 9;Czy organizacja posiada formalny proces skanowania podatności CVE i patch managementu z udokumentowanymi terminami?;Czy system jest objęty skanowaniem podatności co najmniej raz w miesiącu (np. Qualys, Tenable, Nessus lub narzędzie równoważne) z przypisaniem wyników do właściciela i terminu naprawy?;Czy otrzymujesz informacje o aktualizacjach tej aplikacji (np. komunikaty o nowej wersji lub zaplanowanych przerwach serwisowych na instalację poprawek)?;Tak;obowiązkowe;nie;DORA, NIS2
CHMURA;Dokumentacja DPIA dla przetwarzania w chmurze;RODO art. 35;Czy przed uruchomieniem tego systemu chmurowego przeprowadzono i udokumentowano ocenę skutków dla ochrony danych (DPIA), a dokument ten jest aktualny (aktualizowany przy każdej istotnej zmianie systemu lub dostawcy)?;Czy w repozytorium dokumentacji istnieje DPIA tego systemu, zawierająca opis przepływów danych osobowych, zidentyfikowane ryzyka i zastosowane środki techniczne, zgodna z jego obecną architekturą i dostawcą?;Czy wiesz, gdzie znaleźć ocenę skutków dla ochrony danych (DPIA) tego systemu lub kto w firmie ją prowadzi?;Tak;obowiązkowe;tak;RODO
CHMURA;Szyfrowanie at-rest poza natywnymi funkcjami dostawcy;DORA art. 9 ust. 4 lit. d / NIS2 art. 21 ust. 2 lit. h / RODO art. 32;Czy dane organizacji przechowywane w systemie są szyfrowane w sposób, który uniemożliwia dostawcy chmurowemu samodzielne odszyfrowanie tych danych, tzn. czy klucze szyfrujące są kontrolowane wyłącznie przez organizację, a nie przez dostawcę?;Czy klucze szyfrujące dane tego systemu są generowane i przechowywane poza kontrolą dostawcy chmury (np. HSM organizacji, zewnętrzny KMS, model HYOK)?;Czy wiesz, kto w Twojej firmie (a nie po stronie dostawcy) odpowiada za klucze szyfrujące dane tego systemu?;Tak;zalecane;nie;DORA, NIS2, RODO
CHMURA;Procedura reagowania na incydenty po stronie dostawcy;DORA art. 30 ust. 2 lit. f i ust. 3 lit. b / NIS2 art. 21 ust. 2 lit. d;Czy umowa z dostawcą chmury określa maksymalny czas powiadomienia organizacji o incydencie bezpieczeństwa po stronie dostawcy i czy czas ten umożliwia organizacji dotrzymanie własnego obowiązku zgłoszenia do CSIRT/KNF w ciągu 24 godzin?;Czy powiadomienia dostawcy o incydentach trafiają technicznie do wyznaczonego kanału organizacji (np. skrzynka SOC, system zgłoszeń) i są w nim rejestrowane z czasem otrzymania?;Czy wiesz, kto w Twojej firmie odbiera powiadomienia o awariach lub atakach od dostawcy chmury?;Tak;obowiązkowe;nie;DORA, NIS2
CHMURA;Izolacja danych między klientami (multi-tenancy);DORA art. 9 / RODO art. 32 / ISO 27017;Czy dostawca chmury zapewnia pełną logiczną izolację danych organizacji od danych innych klientów (tenantów) i czy organizacja posiada dokumentację potwierdzającą mechanizmy tej izolacji?;Czy dane organizacji są odseparowane od danych innych klientów na poziomie przechowywania (np. oddzielna baza, schemat lub przestrzeń wirtualna), a nie wyłącznie przez filtrowanie wierszy we wspólnej tabeli?;Czy w tym systemie widzisz wyłącznie dane swojej organizacji?;Tak;obowiązkowe;nie;DORA, RODO
TIA;Transfer Impact Assessment (TIA RODO);RODO art. 46 / Rekomendacje EDPB 01/2020;Czy dla każdego transferu opartego na SCC przeprowadzono TIA oceniający, czy prawo państwa docelowego nie podważa ochrony gwarantowanej przez SCC?;Czy TIA obejmuje praktykę stosowania prawa - żądania rządowe, Transparency Reports dostawcy, historię ujawnień?;Czy wiesz, gdzie znaleźć informację, w jakim kraju przetwarzane są dane wprowadzane do tego systemu lub usługi?;Tak;obowiązkowe;tak;RODO
TIA;Umowa powierzenia przetwarzania (DPA);RODO art. 28;Czy z dostawcą tego systemu lub usługi, przetwarzającym dane osobowe poza EOG, zawarto umowę powierzenia zgodną z art. 28 RODO?;Czy w repozytorium umów przechowywany jest komplet dokumentów transferowych dla tego systemu lub usługi (DPA, SCC z 2021 r., TIA), powiązany z wpisem w rejestrze systemów lub dostawców?;Czy wiesz, gdzie w firmie znajduje się umowa powierzenia przetwarzania danych (DPA) z dostawcą tego systemu lub usługi lub kto może ją pokazać?;Tak;obowiązkowe;tak;RODO
TIA;Oświadczenia o nieprzekazywaniu danych poza EOG;RODO art. 28 ust. 3 lit. a / art. 44;Czy organizacja posiada od dostawcy pisemny wykaz wszystkich lokalizacji przetwarzania danych (w tym kopii zapasowych, logów i metadanych), w którym każda lokalizacja poza EOG jest objęta TIA?;Czy organizacja technicznie weryfikuje, że dane nie są przetwarzane w lokalizacjach nieujętych w wykazie dostawcy (np. konfiguracja regionów, monitorowanie ruchu)?;Czy dostawca tego systemu lub usługi albo Twoja firma przekazali informację (np. w regulaminie usługi lub komunikacie wewnętrznym), gdzie przechowywane są dane, w tym kopie zapasowe?;Tak;obowiązkowe;nie;RODO
DOSTAWCY;Dostęp do logów bezpieczeństwa po stronie dostawcy;DORA art. 10 / NIS2 art. 21;Czy umowa z dostawcą gwarantuje organizacji dostęp do logów bezpieczeństwa dotyczących obsługiwanego systemu (dostępy administracyjne, zmiany konfiguracji), przechowywanych przez co najmniej 12 miesięcy?;Czy logi dostawcy dotyczące systemu (dostępy administracyjne, zmiany konfiguracji) są przekazywane organizacji automatycznie (np. przez API lub syslog do SIEM albo centralnego repozytorium logów) lub udostępniane na żądanie w ciągu 24 godzin?;Czy wiesz, jak uzyskać informację (w systemie albo od działu IT), kto po stronie dostawcy i kiedy wykonywał operacje administracyjne w tym systemie?;Tak;obowiązkowe;nie;DORA, NIS2
DOSTAWCY;Due diligence i ocena ryzyka dostawcy;DORA art. 28 / NIS2 art. 21 ust. 2 lit. d i ust. 3 / EBA/GL/2019/02;Czy przed zawarciem umowy z tym dostawcą przeprowadzono udokumentowane due diligence i ocenę ryzyka zgodne z DORA art. 28?;Czy ocena obejmuje certyfikaty (ISO 27001, SOC 2), lokalizację danych, sub-procesorów, wyniki pen-testów i scenariusze exit?;Czy wiesz, kto w firmie ocenia i zatwierdza dostawców IT przed podpisaniem umowy?;Tak;obowiązkowe;tak;DORA, NIS2
DOSTAWCY;Prawa audytu dostawcy (również onsite);DORA art. 30 ust. 3 lit. e / EBA/GL/2019/02;Czy umowa z dostawcą zapewnia organizacji prawo do przeprowadzenia audytu (samodzielnie lub przez wyznaczonego audytora zewnętrznego) w zakresie wymagań bezpieczeństwa i zgodności, w tym audytu na miejscu (onsite), którego nie można zastąpić wyłącznie raportem dostawcy?;Czy audytorzy organizacji mają techniczny dostęp do dokumentacji i środowiska dostawcy na potrzeby audytu (np. konto audytowe, dostęp do konfiguracji i logów bezpieczeństwa)?;Czy osoba odpowiedzialna za relację z dostawcą może pokazać aktualny raport z audytu lub przeglądu tego dostawcy z potwierdzeniem zaadresowania obserwacji?;Tak;obowiązkowe;tak;DORA
DOSTAWCY;Analiza skutków awarii dostawcy dla funkcji organizacji;DORA art. 28 / NIS2 art. 21 ust. 2 lit. a i lit. d / Komunikat UKNF 2020;Czy przeprowadzono i udokumentowano analizę skutków awarii lub niedostępności tego dostawcy dla funkcji organizacji i czy dokumentacja jest dostępna dla organu nadzoru?;Czy analiza obejmuje mapę usług świadczonych przez dostawcę, klasyfikację ich krytyczności, scenariusze awarii kaskadowej i ryzyko koncentracji?;Czy ktoś z firmy uzgadniał z Tobą lub Twoim działem, jak będziecie pracować, gdy usługa tego dostawcy przestanie działać?;Tak;obowiązkowe;nie;DORA, NIS2
EXIT_PLAN;Istnienie i zatwierdzenie exit planu;DORA art. 28 ust. 8;Czy dla systemu istnieje formalny, zatwierdzony przez zarząd exit plan, traktowany jako dokument żywy aktualizowany przy każdej istotnej zmianie?;Czy exit plan zawiera konkretne kroki techniczne, narzędzia migracyjne i sekwencje wyłączeń?;Czy wiesz, kto w firmie odpowiada za plan zmiany dostawcy tej aplikacji na wypadek zakończenia współpracy lub zaprzestania działalności przez dostawcę?;Tak;obowiązkowe;tak;DORA
EXIT_PLAN;Kompletność i możliwość eksportu danych;DORA art. 30 ust. 2 lit. d / art. 28 ust. 8;Czy exit plan gwarantuje pełny eksport danych w otwartym formacie bez uzależnienia od narzędzi własnościowych dostawcy?;Czy dla tego systemu zdefiniowano i przetestowano procedurę eksportu pełnego zbioru danych do formatu niezależnego od dostawcy, a czas i kompletność eksportu są udokumentowane w ramach testów ciągłości działania (BCP/DRP)?;Czy dane z systemu można pobrać w całości i otworzyć np. w Excelu lub innym standardowym programie?;Tak;obowiązkowe;nie;DORA
EXIT_PLAN;Czas i koszty wyjścia (RTE);DORA art. 28 ust. 8;Czy exit plan zawiera udokumentowany czas pełnej migracji (RTE) i koszty wyjścia zatwierdzone przez zarząd?;Czy istnieje udokumentowana i zweryfikowana w teście analiza kosztów i czasu wyjścia obejmująca: czas migracji danych, koszt wdrożenia alternatywnego systemu, koszty równoległego utrzymania obu środowisk oraz ryzyko utraty ciągłości działania?;Czy wiesz, ile czasu zajęłoby Twojej firmie przejście na inny system, gdyby obecny dostawca przestał działać?;Tak;informacyjne;nie;DORA
EXIT_PLAN;Alternatywny dostawca i przenośność usługi;DORA art. 28 ust. 8;Czy organizacja zidentyfikowała co najmniej jednego alternatywnego dostawcę mogącego przejąć funkcję i oceniła jego zdolność do onboardingu?;Czy architektura systemu jest zaprojektowana z myślą o przenośności - otwarte standardy, brak vendor lock-in na poziomie formatu i API?;Gdyby firma, od której kupujemy ten system przestała działać czy Twoja organizacja ma już na liście inną firmę, która mogłaby przejąć tę usługę?;Tak;zalecane;nie;DORA
EXIT_PLAN;Bezpieczne usunięcie danych u dostawcy po wyjściu;RODO art. 28 ust. 3 lit. g / DORA art. 30 ust. 2 lit. d;Czy exit plan zawiera procedurę weryfikacji bezpiecznego usunięcia wszystkich danych organizacji z infrastruktury dostawcy po migracji?;Czy dla tego systemu zdefiniowano techniczną procedurę weryfikacji usunięcia danych u dostawcy (np. likwidacja kont, instancji i kluczy szyfrujących, certyfikat zniszczenia obejmujący kopie zapasowe i logi)?;Czy wiesz, kto w firmie odbiera od dostawcy potwierdzenie usunięcia danych po zakończeniu współpracy?;Tak;obowiązkowe;nie;DORA, RODO
EXIT_PLAN;Testowanie exit planu;DORA art. 28 ust. 8;Czy exit plan jest testowany co najmniej raz w roku z udokumentowanymi wynikami dostępnymi dla audytorów?;Czy test exit planu obejmuje rzeczywistą próbę eksportu i importu danych do środowiska zastępczego?;Czy wiesz, gdzie znaleźć wyniki ostatniego testu exit planu tego systemu lub kto je przechowuje?;Tak;obowiązkowe;nie;DORA
BEZPIECZENSTWO_FIZYCZNE;Bezpieczeństwo fizyczne centrów danych;DORA art. 9 / NIS2 art. 21;Czy organizacja posiada zatwierdzoną politykę bezpieczeństwa fizycznego centrów danych obejmującą kontrolę dostępu, ochronę poufności i integralności sprzętu oraz ochronę przed zagrożeniami środowiskowymi (pożar, zalanie, temperatura)?;Czy centrum danych ma monitoring środowiskowy (temperatura, zalanie, dym) z alertowaniem 24/7?;Czy pomieszczenia z serwerami i urządzeniami sieciowymi w Twojej lokalizacji są zamknięte i niedostępne dla pracowników bez uprawnień?;Tak;obowiązkowe;tak;DORA, NIS2
BEZPIECZENSTWO_FIZYCZNE;Kontrola dostępu fizycznego do obiektów;DORA art. 9 / NIS2 art. 21;Czy organizacja posiada formalną politykę kontroli dostępu fizycznego do obiektów przetwarzających dane?;Czy każde wejście do pomieszczeń przetwarzających dane (serwerownia, pomieszczenia techniczne) jest rejestrowane elektronicznie (karta, biometria), bez możliwości wejścia wyłącznie na klucz mechaniczny?;Czy do pomieszczeń technicznych, do których masz uprawnienia, wchodzisz przy użyciu imiennej karty lub innej indywidualnej identyfikacji, a nie wspólnego klucza lub kodu?;Tak;obowiązkowe;tak;DORA, NIS2
BEZPIECZENSTWO_FIZYCZNE;Strefy bezpieczeństwa i segmentacja fizyczna;NIS2 art. 21 / DORA art. 6 ust. 2, art. 9 ust. 4 lit. c / ISO 27001 A.11;Czy obiekty są podzielone na strefy bezpieczeństwa z różnymi poziomami dostępu: strefa publiczna, biurowa, techniczna, krytyczna?;Czy przejście między strefami wymaga oddzielnej autoryzacji, tzn. osoba z dostępem do biura nie ma automatycznie dostępu do serwerowni i innych pomieszczeń krytycznych?;Czy goście i serwisanci zewnętrzni poruszają się po Twoim biurze wyłącznie w towarzystwie pracownika?;Tak;zalecane;nie;DORA, NIS2
BEZPIECZENSTWO_FIZYCZNE;Monitoring CCTV i rejestracja wideo;RODO art. 5 ust. 1 lit. e / NIS2 art. 21 / DORA art. 6 ust. 2;Czy polityka bezpieczeństwa fizycznego określa, które strefy krytyczne są objęte monitoringiem CCTV z retencją nagrań zgodną z RODO, a wyjątki są udokumentowane wraz ze środkami kompensującymi?;Czy każdy punkt wejścia do stref krytycznych jest objęty monitoringiem kamer z nagraniami chronionymi przed modyfikacją albo, jeśli kamery nie ma, udokumentowanym środkiem kompensującym (np. kontrolą dostępu z rejestracją wejść)?;Czy wejścia do stref krytycznych (np. serwerownia, archiwum) są monitorowane kamerami lub kontrolowane w inny widoczny sposób (np. czytnik kart z rejestracją wejść)?;Tak;zalecane;nie;DORA, NIS2, RODO
BEZPIECZENSTWO_FIZYCZNE;Zasilanie i redundancja energetyczna;DORA art. 11 / NIS2 art. 21;Czy obiekty krytyczne posiadają redundantne zasilanie z co najmniej dwóch niezależnych źródeł oraz UPS?;Czy UPS i generator są regularnie testowane pod obciążeniem - nie tylko w trybie symulacji?;Czy przy krótkim zaniku zasilania w budynku systemy, z których korzystasz, nadal działają lub pozwalają bezpiecznie zapisać pracę?;Tak;obowiązkowe;nie;DORA, NIS2
BEZPIECZENSTWO_FIZYCZNE;Wynoszenie i transport urządzeń;RODO art. 32 / NIS2 art. 21 / DORA art. 6 ust. 2;Czy organizacja posiada procedurę wynoszenia urządzeń poza siedzibę z rejestrem wydanych urządzeń?;Czy wszystkie urządzenia przenośne mają szyfrowanie całego dysku aktywowane przymusowo i możliwość zdalnego wyczyszczenia?;Czy wiesz, co zrobić i do kogo zadzwonić w ciągu pierwszych 30 minut, gdybyś zgubił/a służbowego laptopa lub telefon?;Tak;obowiązkowe;nie;DORA, NIS2, RODO
BEZPIECZENSTWO_FIZYCZNE;Niszczenie i utylizacja nośników danych;RODO art. 5 / NIS2 art. 21 / DORA art. 6 ust. 2;Czy organizacja posiada procedurę bezpiecznego niszczenia nośników danych (dysków, pendrive'ów, wydruków)?;Czy dyski są niszczone fizycznie lub nadpisywane skuteczną metodą przed utylizacją?;Czy wiesz, komu oddać służbowy sprzęt lub nośnik danych do bezpiecznego usunięcia danych lub zniszczenia?;Tak;obowiązkowe;nie;DORA, NIS2, RODO
BEZPIECZENSTWO_FIZYCZNE;Ochrona przed kradzieżą i sabotażem fizycznym;NIS2 art. 21 / DORA art. 6 ust. 2, art. 9 ust. 4 lit. c / ISO 27001 A.11;Czy organizacja wdrożyła udokumentowane środki ochrony przed kradzieżą i fizycznym sabotażem sprzętu IT (np. system alarmowy, szafy rack zamykane na klucz, kable zabezpieczające)?;Czy porty USB serwerów i stacji roboczych są technicznie kontrolowane (blokada lub biała lista urządzeń), a szafy rack są zamknięte?;Czy po podłączeniu prywatnego pendrive'a do komputera służbowego system blokuje jego użycie bez zgody administratora?;Tak;zalecane;nie;DORA, NIS2
PLAN_CIAGLOSCI_DZIALANIA;Istnienie i zatwierdzenie planów BCP/DRP;DORA art. 11 / NIS2 art. 21 ust. 2 lit. c;Czy formalny, zatwierdzony przez zarząd plan BCP/DRP obejmuje ten system i wspieraną przez niego funkcję?;Czy BCP/DRP zawiera dla tego systemu konkretne instrukcje wykonawcze (kroki techniczne, sekwencje przełączeń, drzewa decyzyjne), a nie wyłącznie ogólny opis zasad?;Czy wiesz, jak pracować, gdy aplikacja jest niedostępna przez kilka godzin?;Tak;obowiązkowe;tak;DORA, NIS2
PLAN_CIAGLOSCI_DZIALANIA;Scenariusze zagrożeń w BCP/DRP;DORA art. 11 / NIS2 art. 21;Czy BCP/DRP obejmuje dla tego systemu zestaw scenariuszy zagrożeń (np. ransomware, utrata centrum danych, niedostępność dostawcy, atak na łańcuch dostaw)?;Czy dla każdego scenariusza dotyczącego tego systemu zdefiniowano odrębną ścieżkę odtwarzania z konkretnymi krokami technicznymi?;Czy wiesz, co masz zrobić i od kogo otrzymasz instrukcje, jeśli ten system zostanie dziś zaszyfrowany przez ransomware?;Tak;obowiązkowe;nie;DORA, NIS2
PLAN_CIAGLOSCI_DZIALANIA;Testowanie BCP/DRP;DORA art. 11 ust. 6 / NIS2 art. 21 ust. 2 lit. c i lit. f;Czy plan ciągłości obejmujący ten system był testowany w ciągu ostatnich 12 miesięcy z udokumentowanymi wynikami dostępnymi dla audytorów?;Czy test obejmował rzeczywiste przełączenie tego systemu na środowisko zapasowe z pomiarem osiągniętego RTO/RPO (a nie wyłącznie ćwiczenie teoretyczne typu tabletop)?;Czy Ty lub Twój dział uczestniczyliście w ciągu ostatnich 12 miesięcy w ćwiczeniu awaryjnym dotyczącym tego systemu?;Tak;obowiązkowe;nie;DORA, NIS2
PLAN_CIAGLOSCI_DZIALANIA;Komunikacja kryzysowa;NIS2 art. 21 ust. 2 lit. c / NIS2 art. 23 / DORA art. 14;Czy BCP zawiera plan komunikacji kryzysowej obejmujący użytkowników tego systemu (gotowe szablony, upoważnienia do komunikacji zewnętrznej)?;Czy dla użytkowników tego systemu istnieje alternatywny kanał komunikacji działający niezależnie od głównej infrastruktury IT (gdy e-mail i komunikator są niedostępne)?;Czy masz zapisany poza komputerem (np. w telefonie lub na papierze) kontakt do przełożonego i działu IT na wypadek niedostępności firmowych systemów komunikacji?;Tak;zalecane;nie;DORA, NIS2
BEZPIECZENSTWO_TECH;Segmentacja sieci i kontrola ruchu bocznego;DORA art. 9 / NIS2 art. 21;Czy systemy krytyczne są logicznie odizolowane od reszty sieci przez segmentację uniemożliwiającą boczne przemieszczanie się atakującego (lateral movement)?;Czy ruch sieciowy do systemów krytycznych jest ograniczony regułami filtrowania między segmentami (np. VLAN z zaporą, mikrosegmentacja, ZTNA lub rozwiązanie równoważne)?;Czy aby połączyć się z systemami krytycznymi (np. panele administracyjne, serwery produkcyjne), trzeba korzystać ze specjalnego dostępu (VPN, osobna sieć, stacja przesiadkowa), a nie łączyć się z nimi bezpośrednio z sieci biurowej?;Tak;obowiązkowe;tak;DORA, NIS2
BEZPIECZENSTWO_TECH;Zarządzanie certyfikatami TLS;DORA art. 9 / NIS2 art. 21 ust. 2 lit. h;Czy organizacja posiada inwentarz certyfikatów TLS z datami wygasania i procesem automatycznego odnawiania eliminującym ryzyko niedostępności usług z powodu wygasłego certyfikatu?;Czy stosowane jest narzędzie do monitorowania certyfikatów (np. cert-manager, Venafi, DigiCert) z alertowaniem co najmniej 30 dni przed wygaśnięciem i automatycznym odnawianiem tam, gdzie jest to możliwe (np. ACME/Let's Encrypt)?;Czy firmowe strony i systemy, z których korzystasz, otwierają się bez ostrzeżeń przeglądarki o nieważnym lub wygasłym certyfikacie?;Tak;zalecane;nie;DORA, NIS2
ORGANIZACJA;Rejestr dostawców ICT;DORA art. 28 ust. 3 / art. 29 ust. 1;Czy organizacja prowadzi aktualny rejestr wszystkich zewnętrznych dostawców ICT z klasyfikacją ich krytyczności i przypisaniem do funkcji krytycznych lub istotnych?;Czy rejestr dostawców zawiera dla każdego dostawcy: zakres usług, dane kontraktowe, klasyfikację krytyczności, poddostawców i daty przeglądów (niezależnie od narzędzia, np. CMDB lub GRC)?;Czy wiesz, który zewnętrzny dostawca IT świadczy usługi najważniejsze dla pracy Twojego działu?;Tak;obowiązkowe;tak;DORA
KONCENTRACJA_RYZYKA;Mapowanie funkcji krytycznych do dostawców;DORA art. 28 ust. 4 lit. a / art. 29 ust. 1;Czy dla każdej funkcji krytycznej lub istotnej organizacja zidentyfikowała zewnętrznych dostawców ICT ją wspierających i oceniła stopień uzależnienia od każdego z nich?;Czy mapa zależności funkcja–dostawca jest aktualizowana przy każdej zmianie architektury i dostępna dla zarządu oraz audytorów w formie dokumentacji GRC?;Czy wiesz, co stanie się z Twoją pracą, jeśli kluczowy zewnętrzny dostawca IT będzie niedostępny przez 24 godziny?;Tak;obowiązkowe;tak;DORA
KONCENTRACJA_RYZYKA;Identyfikacja sub-procesorów i łańcucha dostaw;DORA art. 29 ust. 2 / RODO art. 28 ust. 2;Czy organizacja zidentyfikowała wszystkich sub-procesorów kluczowych dostawców ICT i oceniła ryzyko wynikające z ich działalności, w tym ryzyko kaskadowe?;Czy organizacja technicznie monitoruje publikowane przez kluczowych dostawców listy sub-procesorów (np. subskrypcja powiadomień, okresowy przegląd) i odnotowuje każdą zmianę w rejestrze dostawców?;Czy wiesz, gdzie znaleźć listę podwykonawców (sub-procesorów) głównego dostawcy IT, z którego korzysta Twój dział?;Tak;obowiązkowe;nie;DORA, RODO
KONCENTRACJA_RYZYKA;Ocena ryzyka koncentracji u jednego dostawcy;DORA art. 29 ust. 1 / Komunikat UKNF 2020;Czy organizacja przeprowadziła formalną ocenę ryzyka koncentracji dla każdego kluczowego dostawcy ICT, oceniając stopień uzależnienia, brak alternatyw i trudność migracji?;Czy ocena ryzyka koncentracji obejmuje: udział dostawcy w obsłudze funkcji krytycznych (odsetek ruchu lub transakcji), czas potrzebny na migrację (RTE), dostępność alternatyw i koszty wyjścia?;Czy wiesz, które kluczowe procesy Twojej firmy zatrzymałyby się, gdyby jeden główny dostawca IT nagle przestał działać?;Tak;obowiązkowe;tak;DORA
KONCENTRACJA_RYZYKA;Ryzyko koncentracji geograficznej (lokalizacja danych);DORA art. 29 ust. 1 / RODO art. 44–49 / Rekomendacje EDPB 01/2020;Czy organizacja oceniła ryzyko wynikające z koncentracji danych i usług w jednej lokalizacji geograficznej lub jednym centrum danych, w tym ryzyko awarii regionalnej lub klęski żywiołowej?;Czy dane i usługi wspierające funkcje krytyczne są replikowane do co najmniej dwóch geograficznie odrębnych lokalizacji (np. w trybie aktywny–aktywny lub aktywny–pasywny)?;Czy wiesz, w jakim kraju lub regionie znajdują się serwery, na których przechowywane są dane Twojej organizacji?;Tak;obowiązkowe;nie;DORA, RODO
KONCENTRACJA_RYZYKA;Ryzyko koncentracji u grupy powiązanych dostawców;DORA art. 29 ust. 1;Czy organizacja oceniła, czy kilku pozornie różnych dostawców ICT nie należy do tej samej grupy kapitałowej lub nie korzysta z tych samych krytycznych usług infrastrukturalnych (np. tego samego CSP)?;Czy analiza ryzyka koncentracji uwzględnia zarówno bezpośrednich dostawców, jak i wspólną infrastrukturę leżącą u ich podstaw (np. AWS jako wspólny CSP dla wielu SaaS)?;Czy wiesz, kto w firmie odpowiada za ocenę uzależnienia od dostawców IT, z których korzysta Twój dział?;Tak;obowiązkowe;tak;DORA
KONCENTRACJA_RYZYKA;Próg koncentracji i limity umowne;DORA art. 29 ust. 1;Czy organizacja ustaliła formalne progi koncentracji (np. maksymalny odsetek funkcji krytycznych obsługiwanych przez jednego dostawcę) i czy progi te są monitorowane i raportowane do zarządu?;Czy narzędzie do zarządzania dostawcami (np. GRC lub rozwiązanie równoważne) sygnalizuje przekroczenie zdefiniowanego progu koncentracji dla dostawcy lub grupy dostawców?;Czy wiesz, kto w firmie monitoruje progi uzależnienia od dostawców IT?;Tak;zalecane;nie;DORA
DOSTAWCY;Klauzule SLA i gwarantowana dostępność;DORA art. 30 ust. 2 lit. e / ust. 3 lit. a;Czy umowa z tym dostawcą zawiera mierzalne i egzekwowalne wskaźniki SLA (dostępność, RTO, RPO) dostosowane do krytyczności obsługiwanych funkcji?;Czy dostępność usługi dostawcy jest mierzona technicznie przez organizację (np. monitoring dostępności) i porównywana z wartościami SLA?;Czy wiesz, przez ile czasu w roku system może być niedostępny zgodnie z umową z dostawcą?;Tak;obowiązkowe;tak;DORA
DOSTAWCY;Klauzule exit i prawo do migracji danych;DORA art. 30 ust. 3 lit. f;Czy umowa z tym dostawcą zawiera klauzulę exit obejmującą prawo do pełnego eksportu danych w otwartym formacie, wsparcie przejściowe dostawcy i zakaz utrudniania migracji?;Czy format i interfejs eksportu danych wskazane w umowie są udokumentowane technicznie (specyfikacja formatu, opis interfejsu) w sposób pozwalający organizacji przeprowadzić eksport?;Czy osoba odpowiedzialna za umowę z dostawcą tego systemu może wskazać zapis gwarantujący zabranie wszystkich danych po zakończeniu współpracy bez dodatkowych opłat?;Tak;obowiązkowe;tak;DORA
DOSTAWCY;Klauzule powiadomień o zmianach u dostawcy;DORA art. 30 ust. 2 lit. b / ust. 3 lit. b;Czy umowa z tym dostawcą zobowiązuje go do uprzedniego informowania organizacji o istotnych zmianach (np. sub-procesorów, lokalizacji danych, architektury bezpieczeństwa, struktury właścicielskiej)?;Czy organizacja technicznie wykrywa zmiany po stronie dostawcy (np. zmianę regionu przetwarzania, adresów IP, rekordów DNS, listy sub-procesorów) i porównuje je z otrzymanymi powiadomieniami?;Czy wiesz, kto w firmie otrzymuje od dostawcy powiadomienia o istotnych zmianach w usłudze (np. zmianie centrum danych lub podwykonawcy)?;Tak;obowiązkowe;nie;DORA
DOSTAWCY;Klauzule odpowiedzialności i regres od dostawcy;dobra praktyka (brak wymogu ustawowego);Czy umowa z tym dostawcą zawiera klauzulę umożliwiającą organizacji dochodzenie regresem kosztów kar regulacyjnych (KNF, UODO) nałożonych z winy dostawcy, bez ograniczenia odpowiedzialności do wartości ostatniej faktury?;Czy incydenty po stronie dostawcy są dokumentowane technicznie (logi, osie czasu, raporty z analizy przyczyn) w sposób umożliwiający wykazanie winy dostawcy w razie dochodzenia roszczeń?;Czy osoba odpowiedzialna za umowę z dostawcą może wskazać w umowie zapis o odpowiedzialności dostawcy za kary regulacyjne spowodowane jego błędem?;Tak;zalecane;nie;brak
PLAN_CIAGLOSCI_DZIALANIA;Scenariusz awarii kaskadowej w łańcuchu dostaw;DORA art. 11 / art. 29 ust. 1 / NIS2 art. 21 ust. 2 lit. c i lit. d;Czy BCP/DRP zawiera scenariusz awarii kaskadowej, w którym awaria jednego dostawcy wywołuje niedostępność powiązanych usług, w tym tego systemu?;Czy analiza ryzyka kaskadowego obejmuje drzewo zależności: który dostawca poziomu 1 jest uzależniony od którego dostawcy poziomu 2/3 i jaki jest potencjalny wpływ na funkcje krytyczne?;Czy wiesz, gdzie znaleźć instrukcję postępowania na wypadek awarii dostawcy, od którego zależy ten system?;Tak;obowiązkowe;nie;DORA, NIS2
XXX-PLAN_CIAGLOSCI_DZIALANIA;Tryb manualny / obejście systemu (workaround);DORA art. 11 ust. 3 / NIS2 art. 21 ust. 2 lit. c;Czy dla każdej funkcji krytycznej istnieje udokumentowany tryb manualny lub ręczny workaround umożliwiający kontynuację kluczowych procesów przez wymagany czas bez dostępu do systemu ICT?;Czy procedury manualne są testowane co najmniej raz w roku, a ich dokumentacja jest dostępna offline i w formie papierowej w przypadku całkowitej awarii systemów IT?;Czy wiesz, jak wykonać swoją kluczową pracę bez dostępu do systemów IT przez 8 godzin (np. według papierowej procedury lub instrukcji awaryjnej)?;Tak;obowiązkowe;nie;DORA, NIS2
KONCENTRACJA_RYZYKA;Strategia multi-cloud i multi-vendor;DORA art. 29 ust. 1 / art. 28 ust. 5;Czy organizacja wdrożyła strategię multi-cloud lub multi-vendor dla usług krytycznych, uniemożliwiającą uzależnienie od jednego dostawcy chmury lub technologii?;Czy architektura zakłada aktywne użytkowanie co najmniej dwóch niezależnych dostawców chmury dla funkcji krytycznych (nie tylko backup), z automatycznym failover przetestowanym empirycznie?;Czy dla kluczowych narzędzi, z których korzystasz, istnieje rozwiązanie zapasowe innego dostawcy, na które można się przełączyć w razie awarii?;Tak;zalecane;nie;DORA
KONCENTRACJA_RYZYKA;Plan redukcji koncentracji dla zidentyfikowanych ryzyk;DORA art. 29 ust. 1 / art. 6 ust. 5;Czy dla każdego zidentyfikowanego ryzyka koncentracji przekraczającego ustalone progi opracowano i zatwierdzono plan jego redukcji z harmonogramem i miernikami sukcesu?;Czy plan redukcji obejmuje konkretne działania techniczne (np. wdrożenie alternatywnego dostawcy, redesign architektury, przetestowanie exit planu) z przypisanymi właścicielami i terminami?;Czy wiesz, kto w firmie odpowiada za realizację planu ograniczenia uzależnienia od dostawców IT?;Tak;obowiązkowe;nie;DORA
TIA;Koncentracja przetwarzania danych w jednej jurysdykcji;RODO art. 44–49 / DORA art. 29 / Rekomendacje EDPB 01/2020;Czy organizacja oceniła ryzyko wynikające z koncentracji przetwarzania danych osobowych w jednej jurysdykcji poza EOG (np. USA) i podjęła środki techniczne i prawne ograniczające to ryzyko?;Czy dokumentacja architektury wskazuje wszystkie przepływy danych osobowych poza EOG, a każdy z nich jest objęty TIA?;Czy wiesz, gdzie sprawdzić, w jakich krajach przetwarzane są dane klientów z systemów, z których korzystasz (np. rejestr systemów, IOD)?;Tak;obowiązkowe;nie;DORA, RODO
TIA;Ryzyko regulacyjne kraju dostawcy (Cloud Act / FISA);RODO art. 48 / Cloud Act 2018 / FISA 702 / Rekomendacje EDPB 01/2020;Czy dla dostawców spoza EOG lub kontrolowanych kapitałowo z państwa trzeciego przeprowadzono udokumentowaną ocenę ryzyka dostępu eksterytorialnego (np. Cloud Act, FISA 702)?;Czy zastosowano środki techniczne ograniczające dostęp dostawcy do danych w postaci jawnej (np. HYOK, zewnętrzny KMS, confidential computing), odpowiednie do ryzyka wskazanego w ocenie?;Czy wiesz, kto w firmie może wskazać, do jakiej grupy kapitałowej należy dostawca tego systemu lub usługi i jakie ryzyka z tego wynikają?;Tak;zalecane;nie;RODO
