dzien,n,bledy,uzytkownicy,od,do,bledy_proc
2023-04-24,1,1,1,2023-04-24 10:31:02,2023-04-24 10:31:02,100.0
2023-04-25,84,27,17,2023-04-25 07:52:04,2023-04-25 10:09:07,32.14
2023-04-28,559,95,64,2023-04-28 10:48:14,2023-04-28 16:29:28,16.99
2023-05-10,1,1,1,2023-05-10 18:57:58,2023-05-10 18:57:58,100.0
2023-05-11,38,6,24,2023-05-11 13:42:17,2023-05-11 16:44:40,15.79
2023-05-12,102,19,36,2023-05-12 09:12:18,2023-05-12 16:48:20,18.63
2023-05-15,109,19,36,2023-05-15 09:07:42,2023-05-15 16:12:15,17.43
2023-05-16,105,14,38,2023-05-16 09:09:06,2023-05-16 16:00:04,13.33
2023-05-17,99,19,37,2023-05-17 09:05:28,2023-05-17 16:21:22,19.19
2023-05-18,83,19,33,2023-05-18 09:04:31,2023-05-18 17:01:17,22.89
2023-05-19,94,11,36,2023-05-19 07:54:26,2023-05-19 16:03:45,11.7
2023-05-22,101,11,39,2023-05-22 09:07:32,2023-05-22 16:18:57,10.89
2023-05-23,108,18,38,2023-05-23 09:01:29,2023-05-23 16:41:30,16.67
2023-05-24,116,12,40,2023-05-24 09:09:06,2023-05-24 16:03:55,10.34
2023-05-25,127,23,42,2023-05-25 09:09:26,2023-05-25 16:59:20,18.11
2023-05-26,61,12,23,2023-05-26 09:06:21,2023-05-26 17:00:53,19.67
2023-05-29,105,12,43,2023-05-29 09:06:25,2023-05-29 16:01:18,11.43
2023-05-30,128,22,43,2023-05-30 09:08:41,2023-05-30 15:49:02,17.19
2023-05-31,104,16,40,2023-05-31 09:08:02,2023-05-31 15:51:07,15.38
2023-06-01,103,19,36,2023-06-01 09:03:26,2023-06-01 16:48:02,18.45
2023-06-02,100,17,33,2023-06-02 09:04:16,2023-06-02 16:33:09,17.0
2023-06-05,104,23,34,2023-06-05 09:07:23,2023-06-05 16:04:57,22.12
2023-06-06,88,17,31,2023-06-06 09:00:30,2023-06-06 16:43:31,19.32
2023-06-07,92,18,31,2023-06-07 09:04:59,2023-06-07 17:00:07,19.57
2023-06-09,89,16,30,2023-06-09 09:07:45,2023-06-09 15:56:13,17.98
2023-06-12,122,18,43,2023-06-12 09:02:32,2023-06-12 16:23:34,14.75
2023-06-13,116,16,41,2023-06-13 09:04:47,2023-06-13 16:23:51,13.79
2023-06-14,95,19,34,2023-06-14 07:58:29,2023-06-14 17:01:56,20.0
2023-06-15,101,15,42,2023-06-15 09:06:46,2023-06-15 16:37:40,14.85
2023-06-16,106,18,39,2023-06-16 09:03:27,2023-06-16 16:13:01,16.98
2023-06-19,122,20,42,2023-06-19 09:03:35,2023-06-19 16:56:23,16.39
2023-06-20,119,18,43,2023-06-20 09:08:16,2023-06-20 16:16:38,15.13
2023-06-21,121,20,40,2023-06-21 09:00:39,2023-06-21 16:31:04,16.53
2023-06-22,125,23,40,2023-06-22 09:04:31,2023-06-22 17:00:16,18.4
2023-06-23,98,16,36,2023-06-23 09:03:53,2023-06-23 16:39:25,16.33
2023-06-26,114,13,42,2023-06-26 09:08:19,2023-06-26 17:00:11,11.4
2023-06-27,102,16,36,2023-06-27 09:10:02,2023-06-27 15:56:54,15.69
2023-06-28,103,16,35,2023-06-28 09:09:59,2023-06-28 16:36:43,15.53
2023-06-29,110,14,41,2023-06-29 09:07:21,2023-06-29 16:49:59,12.73
2023-06-30,112,20,38,2023-06-30 09:02:27,2023-06-30 16:21:40,17.86
2023-07-03,100,18,36,2023-07-03 09:01:25,2023-07-03 16:06:54,18.0
2023-07-04,102,9,36,2023-07-04 09:05:32,2023-07-04 16:32:29,8.82
2023-07-05,11,0,9,2023-07-05 09:05:31,2023-07-05 09:59:07,0.0
2023-08-03,11,2,8,2023-08-03 15:16:38,2023-08-03 17:01:51,18.18
2023-08-04,97,14,36,2023-08-04 09:13:27,2023-08-04 16:54:06,14.43
2023-08-07,93,13,31,2023-08-07 09:00:39,2023-08-07 16:02:52,13.98
2023-08-08,91,15,30,2023-08-08 09:05:07,2023-08-08 16:30:41,16.48
2023-08-09,103,11,32,2023-08-09 09:06:12,2023-08-09 16:07:05,10.68
2023-08-10,54,6,23,2023-08-10 09:00:18,2023-08-10 16:03:46,11.11
2023-08-11,17,1,7,2023-08-11 09:04:25,2023-08-11 15:00:50,5.88
2023-08-12,1,0,1,2023-08-12 09:13:12,2023-08-12 09:13:12,0.0
2023-08-14,17,4,9,2023-08-14 09:41:31,2023-08-14 16:06:06,23.53
2023-08-16,11,1,8,2023-08-16 09:31:20,2023-08-16 12:27:18,9.09
2023-10-25,119,29,40,2023-10-25 09:03:37,2023-10-25 16:38:12,24.37
2023-10-26,128,18,40,2023-10-26 09:05:55,2023-10-26 16:07:18,14.06
2023-10-27,121,16,38,2023-10-27 09:01:31,2023-10-27 15:54:40,13.22
2023-10-30,108,21,34,2023-10-30 09:03:27,2023-10-30 16:35:06,19.44
2023-10-31,77,15,26,2023-10-31 08:00:32,2023-10-31 16:09:53,19.48
2023-11-02,88,18,36,2023-11-02 09:06:58,2023-11-02 15:59:54,20.45
2023-11-03,82,11,37,2023-11-03 09:17:55,2023-11-03 16:39:22,13.41
2023-11-06,81,14,29,2023-11-06 09:01:55,2023-11-06 16:30:30,17.28
2023-11-07,118,25,41,2023-11-07 09:01:03,2023-11-07 16:25:34,21.19
2023-11-08,118,21,41,2023-11-08 07:42:11,2023-11-08 16:19:24,17.8
2023-11-09,115,17,40,2023-11-09 09:00:21,2023-11-09 16:09:17,14.78
2023-11-10,111,19,37,2023-11-10 09:02:57,2023-11-10 16:03:47,17.12
2023-11-22,32,4,12,2023-11-22 16:29:05,2023-11-22 16:42:23,12.5
2023-11-23,164,28,66,2023-11-23 08:22:36,2023-11-23 16:23:13,17.07
2023-11-24,148,30,62,2023-11-24 09:05:09,2023-11-24 16:54:51,20.27
2023-11-27,162,29,66,2023-11-27 09:02:25,2023-11-27 15:48:52,17.9
2023-11-28,163,21,72,2023-11-28 09:05:18,2023-11-28 15:55:34,12.88
2023-11-29,174,35,70,2023-11-29 09:00:30,2023-11-29 16:57:00,20.11
2023-11-30,173,33,69,2023-11-30 09:04:08,2023-11-30 16:56:38,19.08
2023-12-01,153,29,63,2023-12-01 09:02:26,2023-12-01 15:54:40,18.95
2023-12-04,167,25,68,2023-12-04 09:00:46,2023-12-04 16:01:21,14.97
2023-12-05,168,21,72,2023-12-05 09:02:39,2023-12-05 16:04:11,12.5
2023-12-06,157,31,63,2023-12-06 09:01:45,2023-12-06 15:49:23,19.75
2023-12-07,159,21,65,2023-12-07 09:06:42,2023-12-07 16:02:21,13.21
2023-12-08,133,15,63,2023-12-08 09:07:09,2023-12-08 15:55:29,11.28
2023-12-11,150,24,69,2023-12-11 09:05:21,2023-12-11 16:08:16,16.0
2023-12-12,168,27,73,2023-12-12 09:06:42,2023-12-12 16:08:49,16.07
2023-12-13,117,18,57,2023-12-13 08:43:07,2023-12-13 15:42:21,15.38
2024-01-08,50,7,36,2024-01-08 13:58:20,2024-01-08 15:44:32,14.0
2024-02-06,87,12,50,2024-02-06 13:03:41,2024-02-06 16:01:04,13.79
2024-02-07,172,24,60,2024-02-07 09:01:58,2024-02-07 15:58:14,13.95
2024-02-08,175,13,60,2024-02-08 09:02:26,2024-02-08 15:57:16,7.43
2024-02-09,161,27,63,2024-02-09 09:01:24,2024-02-09 16:00:42,16.77
2024-02-12,117,9,51,2024-02-12 09:01:20,2024-02-12 16:03:06,7.69
2024-02-13,97,14,38,2024-02-13 09:12:11,2024-02-13 15:55:46,14.43
2024-02-14,59,6,27,2024-02-14 09:01:48,2024-02-14 15:40:50,10.17
2024-02-15,23,4,15,2024-02-15 09:06:35,2024-02-15 15:50:02,17.39
2024-02-16,67,6,43,2024-02-16 09:05:34,2024-02-16 15:34:16,8.96
2024-02-19,179,20,60,2024-02-19 09:05:41,2024-02-19 15:59:20,11.17
2024-02-20,172,20,62,2024-02-20 09:06:03,2024-02-20 15:59:53,11.63
2024-02-21,172,29,61,2024-02-21 09:00:57,2024-02-21 16:03:32,16.86
2024-02-22,183,28,65,2024-02-22 09:01:45,2024-02-22 16:02:43,15.3
2024-02-23,185,31,59,2024-02-23 09:01:27,2024-02-23 16:01:25,16.76
2024-02-26,189,15,62,2024-02-26 09:03:54,2024-02-26 16:02:09,7.94
2024-03-05,201,31,72,2024-03-05 09:03:45,2024-03-05 16:04:13,15.42
2024-03-06,207,20,69,2024-03-06 09:03:09,2024-03-06 16:03:24,9.66
2024-03-07,202,24,63,2024-03-07 09:04:21,2024-03-07 15:44:26,11.88
2024-03-08,185,24,62,2024-03-08 09:00:46,2024-03-08 15:58:33,12.97
2024-03-11,189,34,70,2024-03-11 09:01:54,2024-03-11 15:58:35,17.99
2024-03-12,168,30,63,2024-03-12 09:07:42,2024-03-12 16:21:20,17.86
2024-03-13,174,19,67,2024-03-13 09:04:01,2024-03-13 16:01:22,10.92
2024-03-14,167,20,67,2024-03-14 09:00:13,2024-03-14 15:58:34,11.98
2024-03-15,105,15,52,2024-03-15 09:19:19,2024-03-15 15:59:01,14.29
2024-03-18,113,18,52,2024-03-18 09:05:58,2024-03-18 15:55:45,15.93
2024-03-19,133,20,56,2024-03-19 09:03:55,2024-03-19 16:03:45,15.04
2024-03-20,129,17,58,2024-03-20 09:10:23,2024-03-20 15:42:16,13.18
2024-03-21,126,10,54,2024-03-21 09:02:16,2024-03-21 15:58:03,7.94
2024-03-22,120,16,56,2024-03-22 09:01:00,2024-03-22 16:23:15,13.33
2024-03-25,138,15,66,2024-03-25 09:04:46,2024-03-25 15:52:59,10.87
2024-03-26,134,12,63,2024-03-26 09:08:33,2024-03-26 15:43:56,8.96
2024-03-27,140,9,65,2024-03-27 09:18:47,2024-03-27 15:53:25,6.43
2024-03-28,174,23,65,2024-03-28 09:08:16,2024-03-28 16:01:01,13.22
2024-03-29,128,18,52,2024-03-29 09:00:13,2024-03-29 15:57:11,14.06
2024-04-02,164,12,58,2024-04-02 09:00:48,2024-04-02 15:57:05,7.32
2024-04-03,175,20,66,2024-04-03 09:07:25,2024-04-03 16:09:07,11.43
2024-04-04,161,18,59,2024-04-04 09:04:17,2024-04-04 15:59:40,11.18
2024-04-05,145,20,54,2024-04-05 09:01:51,2024-04-05 15:59:43,13.79
2024-04-08,145,16,58,2024-04-08 09:00:50,2024-04-08 15:59:47,11.03
2024-04-09,119,22,46,2024-04-09 09:02:59,2024-04-09 15:58:06,18.49
2024-04-10,115,13,46,2024-04-10 09:04:53,2024-04-10 16:49:36,11.3
2024-04-11,127,18,55,2024-04-11 09:06:45,2024-04-11 15:52:51,14.17
2024-04-12,164,23,62,2024-04-12 09:03:10,2024-04-12 15:55:24,14.02
2024-04-15,171,19,62,2024-04-15 09:02:11,2024-04-15 15:58:20,11.11
2024-04-16,161,25,63,2024-04-16 09:03:01,2024-04-16 15:59:00,15.53
2024-04-17,147,21,60,2024-04-17 09:04:25,2024-04-17 15:52:43,14.29
2024-04-18,101,9,55,2024-04-18 09:00:48,2024-04-18 12:57:33,8.91
2024-05-17,52,5,31,2024-05-17 14:24:43,2024-05-17 15:57:01,9.62
2024-05-20,186,23,65,2024-05-20 09:01:42,2024-05-20 15:59:35,12.37
2024-05-21,169,25,64,2024-05-21 09:06:26,2024-05-21 15:38:03,14.79
2024-09-20,68,17,25,2024-09-20 10:21:11,2024-09-20 15:54:25,25.0
2024-09-23,73,20,27,2024-09-23 09:07:51,2024-09-23 15:41:04,27.4
2024-09-24,80,18,29,2024-09-24 09:21:38,2024-09-24 15:44:11,22.5
2024-09-25,80,22,29,2024-09-25 09:04:23,2024-09-25 15:48:38,27.5
2024-09-26,69,19,28,2024-09-26 09:05:02,2024-09-26 15:44:30,27.54
2024-09-27,50,15,21,2024-09-27 09:04:28,2024-09-27 15:45:52,30.0
2024-09-30,74,15,29,2024-09-30 09:07:57,2024-09-30 16:31:08,20.27
2024-10-01,47,10,21,2024-10-01 09:08:29,2024-10-01 15:59:20,21.28
2024-10-02,39,10,18,2024-10-02 09:06:56,2024-10-02 15:52:59,25.64
2024-10-03,52,10,28,2024-10-03 09:01:33,2024-10-03 15:27:25,19.23
2024-10-04,46,6,19,2024-10-04 09:14:04,2024-10-04 15:49:12,13.04
2024-10-07,62,8,18,2024-10-07 09:15:20,2024-10-07 15:29:12,12.9
2024-10-08,74,13,26,2024-10-08 09:08:53,2024-10-08 15:37:00,17.57
2024-10-09,57,9,21,2024-10-09 09:03:45,2024-10-09 15:13:54,15.79
2024-10-10,76,14,27,2024-10-10 09:01:56,2024-10-10 15:59:09,18.42
2024-10-11,29,3,18,2024-10-11 09:05:55,2024-10-11 11:03:43,10.34
2024-11-15,110,16,52,2024-11-15 12:56:29,2024-11-15 16:07:07,14.55
2024-11-18,181,34,64,2024-11-18 09:01:36,2024-11-18 16:05:08,18.78
2024-11-19,150,24,50,2024-11-19 09:04:48,2024-11-19 16:05:10,16.0
2024-11-20,168,19,56,2024-11-20 08:39:51,2024-11-20 15:56:52,11.31
2024-11-21,200,24,71,2024-11-21 09:02:13,2024-11-21 16:02:30,12.0
2024-11-22,186,26,68,2024-11-22 09:16:08,2024-11-22 16:03:31,13.98
2024-11-25,179,39,64,2024-11-25 09:02:22,2024-11-25 16:06:22,21.79
2024-11-26,201,16,69,2024-11-26 09:00:28,2024-11-26 16:01:11,7.96
2024-11-27,188,35,65,2024-11-27 09:00:40,2024-11-27 16:02:51,18.62
2024-11-28,204,23,71,2024-11-28 09:04:19,2024-11-28 16:05:20,11.27
2024-11-29,141,15,50,2024-11-29 09:01:23,2024-11-29 15:51:22,10.64
2024-12-02,189,32,63,2024-12-02 09:01:22,2024-12-02 15:59:42,16.93
2024-12-03,182,28,63,2024-12-03 09:08:06,2024-12-03 15:56:04,15.38
2024-12-04,185,32,68,2024-12-04 09:05:23,2024-12-04 16:01:45,17.3
2024-12-05,179,31,60,2024-12-05 09:00:22,2024-12-05 16:00:30,17.32
2024-12-06,177,24,61,2024-12-06 09:06:26,2024-12-06 15:46:03,13.56
2024-12-09,180,24,63,2024-12-09 09:01:33,2024-12-09 16:04:38,13.33
2024-12-10,173,22,65,2024-12-10 09:01:44,2024-12-10 16:03:13,12.72
2024-12-11,163,18,60,2024-12-11 09:01:44,2024-12-11 15:57:27,11.04
2024-12-12,167,21,61,2024-12-12 09:00:29,2024-12-12 15:46:52,12.57
2024-12-13,132,20,48,2024-12-13 09:04:33,2024-12-13 15:48:01,15.15
2024-12-16,179,19,63,2024-12-16 09:04:36,2024-12-16 16:07:52,10.61
2024-12-17,183,27,67,2024-12-17 09:02:28,2024-12-17 16:09:22,14.75
2024-12-18,161,23,64,2024-12-18 09:05:46,2024-12-18 16:01:25,14.29
2024-12-19,165,17,59,2024-12-19 09:04:18,2024-12-19 16:02:59,10.3
2024-12-20,164,23,52,2024-12-20 09:02:16,2024-12-20 15:59:13,14.02
2024-12-23,154,21,53,2024-12-23 09:02:05,2024-12-23 16:05:29,13.64
2024-12-24,101,18,49,2024-12-24 09:02:43,2024-12-24 12:28:34,17.82
2024-12-27,164,25,51,2024-12-27 09:00:54,2024-12-27 15:57:57,15.24
2024-12-30,207,30,68,2024-12-30 09:00:26,2024-12-30 16:08:30,14.49
2024-12-31,138,17,56,2024-12-31 08:34:39,2024-12-31 14:17:19,12.32
2025-01-02,173,16,59,2025-01-02 09:03:43,2025-01-02 16:03:21,9.25
2025-01-03,162,14,57,2025-01-03 09:06:52,2025-01-03 16:03:51,8.64
2025-01-07,184,33,65,2025-01-07 09:07:44,2025-01-07 15:54:09,17.93
2025-01-08,200,30,66,2025-01-08 09:00:25,2025-01-08 16:09:07,15.0
2025-01-09,187,21,68,2025-01-09 09:02:03,2025-01-09 16:12:01,11.23
2025-01-10,164,22,56,2025-01-10 09:04:01,2025-01-10 15:51:05,13.41
2025-01-13,159,25,58,2025-01-13 09:02:08,2025-01-13 16:09:24,15.72
2025-01-14,175,21,61,2025-01-14 09:09:28,2025-01-14 16:00:59,12.0
2025-01-15,173,23,56,2025-01-15 09:06:24,2025-01-15 16:08:11,13.29
2025-01-16,184,27,64,2025-01-16 09:00:41,2025-01-16 15:49:29,14.67
2025-01-17,185,14,61,2025-01-17 09:01:02,2025-01-17 15:39:36,7.57
2025-01-20,188,21,62,2025-01-20 08:17:10,2025-01-20 16:02:02,11.17
2025-01-21,174,32,60,2025-01-21 09:06:46,2025-01-21 15:55:36,18.39
2025-01-22,202,32,65,2025-01-22 09:01:29,2025-01-22 15:57:49,15.84
2025-01-23,182,29,63,2025-01-23 09:03:31,2025-01-23 16:01:01,15.93
2025-01-24,165,18,61,2025-01-24 09:02:45,2025-01-24 15:57:05,10.91
2025-01-25,3,0,1,2025-01-25 09:50:39,2025-01-25 12:13:26,0.0
2025-01-27,175,18,61,2025-01-27 09:08:21,2025-01-27 16:01:00,10.29
2025-01-28,166,24,57,2025-01-28 09:07:07,2025-01-28 16:02:04,14.46
2025-01-29,172,21,61,2025-01-29 09:03:26,2025-01-29 15:51:39,12.21
2025-01-30,167,26,59,2025-01-30 09:00:26,2025-01-30 16:02:37,15.57
2025-01-31,154,23,54,2025-01-31 09:01:49,2025-01-31 16:05:53,14.94
2025-02-03,150,15,57,2025-02-03 09:00:45,2025-02-03 16:00:08,10.0
2025-02-04,171,22,60,2025-02-04 09:01:19,2025-02-04 15:49:35,12.87
2025-02-05,184,29,65,2025-02-05 09:04:23,2025-02-05 15:59:52,15.76
2025-02-06,175,21,63,2025-02-06 09:27:31,2025-02-06 16:07:24,12.0
2025-02-07,168,24,56,2025-02-07 09:00:29,2025-02-07 16:04:55,14.29
2025-02-10,179,25,66,2025-02-10 09:01:08,2025-02-10 16:01:19,13.97
2025-02-11,173,23,61,2025-02-11 09:03:30,2025-02-11 15:43:45,13.29
2025-02-12,183,19,62,2025-02-12 09:05:40,2025-02-12 15:57:58,10.38
2025-02-13,170,26,60,2025-02-13 09:02:56,2025-02-13 15:53:22,15.29
2025-02-14,161,22,58,2025-02-14 09:00:48,2025-02-14 16:00:31,13.66
2025-02-17,163,15,57,2025-02-17 09:12:08,2025-02-17 15:57:09,9.2
2025-02-18,172,22,57,2025-02-18 09:05:00,2025-02-18 15:59:08,12.79
2025-02-19,164,24,59,2025-02-19 09:00:15,2025-02-19 15:57:21,14.63
2025-02-20,153,30,54,2025-02-20 09:03:56,2025-02-20 16:00:15,19.61
2025-02-21,132,20,52,2025-02-21 09:09:30,2025-02-21 17:21:40,15.15
2025-02-24,161,29,54,2025-02-24 09:06:06,2025-02-24 15:49:11,18.01
2025-02-25,167,24,55,2025-02-25 09:03:36,2025-02-25 15:52:55,14.37
2025-02-26,143,28,51,2025-02-26 09:03:47,2025-02-26 16:08:43,19.58
2025-02-27,160,20,57,2025-02-27 09:02:42,2025-02-27 15:59:29,12.5
2025-02-28,167,31,56,2025-02-28 09:08:05,2025-02-28 16:03:44,18.56
2025-03-03,184,19,61,2025-03-03 09:01:45,2025-03-03 15:57:11,10.33
2025-03-04,169,19,61,2025-03-04 09:04:01,2025-03-04 16:17:33,11.24
2025-03-05,180,24,61,2025-03-05 09:00:44,2025-03-05 16:03:10,13.33
2025-03-06,185,23,58,2025-03-06 09:00:07,2025-03-06 16:08:58,12.43
2025-03-07,159,17,54,2025-03-07 09:02:13,2025-03-07 15:55:36,10.69
2025-03-10,172,20,59,2025-03-10 09:00:27,2025-03-10 16:19:13,11.63
2025-03-11,171,25,60,2025-03-11 09:01:26,2025-03-11 16:01:38,14.62
2025-03-12,181,25,59,2025-03-12 09:02:18,2025-03-12 16:14:33,13.81
2025-03-13,201,29,64,2025-03-13 09:05:42,2025-03-13 16:25:10,14.43
2025-03-14,168,22,57,2025-03-14 09:00:08,2025-03-14 15:53:39,13.1
2025-03-17,187,17,67,2025-03-17 09:01:02,2025-03-17 16:03:48,9.09
2025-03-18,186,28,62,2025-03-18 09:00:20,2025-03-18 15:55:59,15.05
2025-03-19,180,23,63,2025-03-19 09:00:39,2025-03-19 16:08:59,12.78
2025-03-20,183,26,58,2025-03-20 09:00:37,2025-03-20 16:02:25,14.21
2025-03-21,183,25,60,2025-03-21 09:01:07,2025-03-21 15:58:48,13.66
2025-03-24,186,30,65,2025-03-24 09:04:33,2025-03-24 15:56:56,16.13
2025-03-25,156,25,52,2025-03-25 09:02:47,2025-03-25 16:04:19,16.03
2025-03-26,184,25,68,2025-03-26 09:01:38,2025-03-26 16:04:02,13.59
2025-03-27,192,18,64,2025-03-27 09:01:17,2025-03-27 16:24:50,9.38
2025-03-28,156,20,56,2025-03-28 09:01:03,2025-03-28 15:54:58,12.82
2025-03-31,177,17,57,2025-03-31 09:01:15,2025-03-31 15:57:29,9.6
2025-04-01,178,33,56,2025-04-01 09:01:33,2025-04-01 16:01:47,18.54
2025-04-02,206,27,66,2025-04-02 09:03:08,2025-04-02 15:36:22,13.11
2025-04-03,176,18,63,2025-04-03 09:07:11,2025-04-03 16:03:24,10.23
2025-04-04,185,27,60,2025-04-04 09:03:25,2025-04-04 16:17:37,14.59
2025-04-07,189,26,64,2025-04-07 09:00:07,2025-04-07 15:44:17,13.76
2025-04-08,172,25,61,2025-04-08 09:03:05,2025-04-08 15:49:25,14.53
2025-04-09,174,23,64,2025-04-09 09:03:33,2025-04-09 15:57:46,13.22
2025-04-10,179,26,59,2025-04-10 09:00:29,2025-04-10 15:56:17,14.53
2025-04-11,169,27,58,2025-04-11 09:03:15,2025-04-11 16:17:26,15.98
2025-04-14,25,3,21,2025-04-14 09:00:36,2025-04-14 09:38:31,12.0
2025-05-12,49,6,34,2025-05-12 14:18:18,2025-05-12 15:58:51,12.24
2025-05-13,166,28,57,2025-05-13 09:00:26,2025-05-13 15:52:55,16.87
2025-05-14,162,39,58,2025-05-14 09:07:23,2025-05-14 16:00:17,24.07
2025-05-15,69,4,39,2025-05-15 09:04:39,2025-05-15 16:07:58,5.8
2025-05-16,151,32,47,2025-05-16 09:00:50,2025-05-16 16:27:03,21.19
2025-05-17,2,0,1,2025-05-17 11:54:32,2025-05-17 13:14:47,0.0
2025-05-19,141,13,50,2025-05-19 09:04:04,2025-05-19 15:49:57,9.22
2025-05-20,174,22,61,2025-05-20 09:01:16,2025-05-20 16:05:04,12.64
2025-05-21,174,18,62,2025-05-21 09:02:22,2025-05-21 16:17:15,10.34
2025-05-22,157,21,59,2025-05-22 09:04:45,2025-05-22 15:46:48,13.38
2025-05-23,147,28,51,2025-05-23 09:03:36,2025-05-23 16:52:35,19.05
2025-05-26,136,22,47,2025-05-26 09:04:49,2025-05-26 16:01:29,16.18
2025-05-27,172,26,56,2025-05-27 09:02:37,2025-05-27 16:07:23,15.12
2025-05-28,177,26,57,2025-05-28 09:01:22,2025-05-28 15:53:40,14.69
2025-05-29,158,21,53,2025-05-29 09:05:12,2025-05-29 16:04:29,13.29
2025-05-30,146,24,51,2025-05-30 09:04:09,2025-05-30 16:15:53,16.44
2025-06-02,148,17,48,2025-06-02 09:03:06,2025-06-02 16:06:27,11.49
2025-06-03,161,21,57,2025-06-03 09:01:42,2025-06-03 16:00:49,13.04
2025-06-04,185,17,58,2025-06-04 09:01:05,2025-06-04 15:59:07,9.19
2025-06-05,164,23,54,2025-06-05 09:07:06,2025-06-05 15:47:47,14.02
2025-06-06,150,15,47,2025-06-06 09:00:42,2025-06-06 15:52:21,10.0
2025-06-09,153,23,52,2025-06-09 09:05:38,2025-06-09 16:05:41,15.03
2025-06-10,172,16,53,2025-06-10 09:09:12,2025-06-10 16:01:36,9.3
2025-06-11,141,15,51,2025-06-11 09:02:08,2025-06-11 15:55:02,10.64
2025-06-12,150,26,45,2025-06-12 09:02:40,2025-06-12 16:01:13,17.33
2025-06-13,147,19,47,2025-06-13 09:02:00,2025-06-13 16:01:42,12.93
2025-06-16,158,20,54,2025-06-16 08:17:21,2025-06-16 15:52:07,12.66
2025-06-17,154,20,53,2025-06-17 09:05:01,2025-06-17 15:48:49,12.99
2025-06-18,153,18,52,2025-06-18 09:02:15,2025-06-18 15:51:12,11.76
2025-06-20,119,14,39,2025-06-20 09:02:13,2025-06-20 15:59:16,11.76
2025-06-23,162,19,52,2025-06-23 09:00:30,2025-06-23 16:00:54,11.73
2025-06-24,154,19,52,2025-06-24 09:04:11,2025-06-24 16:00:56,12.34
2025-06-25,142,22,45,2025-06-25 09:09:12,2025-06-25 16:57:23,15.49
2025-06-26,145,15,47,2025-06-26 09:02:48,2025-06-26 15:51:43,10.34
2025-06-27,127,12,46,2025-06-27 09:00:30,2025-06-27 16:49:14,9.45
2025-06-30,160,24,52,2025-06-30 09:02:16,2025-06-30 16:01:37,15.0
2025-07-01,153,19,50,2025-07-01 09:07:49,2025-07-01 16:03:55,12.42
2025-07-02,165,18,54,2025-07-02 09:02:20,2025-07-02 15:49:22,10.91
2025-07-03,166,7,57,2025-07-03 09:02:55,2025-07-03 15:54:20,4.22
2025-07-04,157,14,52,2025-07-04 09:02:27,2025-07-04 16:11:20,8.92
2025-07-07,167,15,54,2025-07-07 09:01:51,2025-07-07 16:03:12,8.98
2025-07-08,150,23,52,2025-07-08 09:02:32,2025-07-08 15:56:08,15.33
2025-07-09,164,18,58,2025-07-09 09:00:22,2025-07-09 16:52:27,10.98
2025-07-10,178,24,56,2025-07-10 09:04:25,2025-07-10 16:01:53,13.48
2025-07-11,166,24,54,2025-07-11 09:01:45,2025-07-11 15:56:32,14.46
2025-07-14,149,25,49,2025-07-14 09:06:28,2025-07-14 15:49:19,16.78
2025-07-15,140,16,51,2025-07-15 09:02:52,2025-07-15 16:03:07,11.43
2025-07-16,158,31,50,2025-07-16 09:02:10,2025-07-16 15:59:54,19.62
2025-07-17,145,18,49,2025-07-17 09:06:32,2025-07-17 16:31:56,12.41
2025-07-18,141,22,43,2025-07-18 09:03:01,2025-07-18 15:41:37,15.6
2025-07-21,137,20,47,2025-07-21 09:02:30,2025-07-21 16:05:48,14.6
2025-07-22,139,24,46,2025-07-22 09:00:39,2025-07-22 16:03:21,17.27
2025-07-23,155,24,47,2025-07-23 09:05:03,2025-07-23 16:04:22,15.48
2025-07-24,137,19,46,2025-07-24 09:04:06,2025-07-24 16:02:34,13.87
2025-07-25,158,23,47,2025-07-25 09:03:21,2025-07-25 16:16:48,14.56
2025-07-28,175,23,56,2025-07-28 09:03:59,2025-07-28 16:09:43,13.14
2025-07-29,155,20,51,2025-07-29 09:03:09,2025-07-29 16:00:31,12.9
2025-07-30,153,23,52,2025-07-30 09:08:44,2025-07-30 16:01:14,15.03
2025-07-31,163,18,54,2025-07-31 09:04:43,2025-07-31 15:57:33,11.04
2025-08-01,136,20,47,2025-08-01 09:02:39,2025-08-01 15:50:27,14.71
2025-08-04,150,26,51,2025-08-04 09:01:27,2025-08-04 16:00:47,17.33
2025-08-05,175,23,53,2025-08-05 09:04:01,2025-08-05 16:08:17,13.14
2025-08-06,154,26,50,2025-08-06 09:02:28,2025-08-06 15:47:29,16.88
2025-08-07,158,33,50,2025-08-07 09:01:41,2025-08-07 16:02:13,20.89
2025-08-08,145,29,49,2025-08-08 09:06:29,2025-08-08 15:48:40,20.0
2025-08-11,151,21,47,2025-08-11 09:04:51,2025-08-11 16:06:33,13.91
2025-08-12,142,17,48,2025-08-12 09:01:58,2025-08-12 15:46:49,11.97
2025-08-13,128,12,47,2025-08-13 09:00:48,2025-08-13 16:05:46,9.38
2025-08-14,150,13,48,2025-08-14 09:05:22,2025-08-14 16:01:08,8.67
2025-08-18,103,14,41,2025-08-18 09:07:34,2025-08-18 16:00:14,13.59
2025-08-19,136,21,49,2025-08-19 09:01:28,2025-08-19 15:58:04,15.44
2025-08-20,148,24,53,2025-08-20 09:03:17,2025-08-20 16:01:25,16.22
2025-08-21,128,18,46,2025-08-21 09:02:02,2025-08-21 16:01:28,14.06
2025-08-22,147,14,48,2025-08-22 09:00:45,2025-08-22 15:52:40,9.52
2025-08-25,142,23,49,2025-08-25 09:00:29,2025-08-25 15:58:05,16.2
2025-08-26,149,25,52,2025-08-26 09:04:35,2025-08-26 15:39:22,16.78
2025-08-27,139,19,54,2025-08-27 09:01:20,2025-08-27 15:58:37,13.67
2025-08-28,144,19,51,2025-08-28 09:05:46,2025-08-28 16:07:20,13.19
2025-08-29,144,18,52,2025-08-29 09:02:59,2025-08-29 16:00:51,12.5
2025-09-01,153,21,54,2025-09-01 09:06:04,2025-09-01 16:02:34,13.73
2025-09-02,159,29,55,2025-09-02 08:30:16,2025-09-02 15:55:27,18.24
2025-09-03,167,25,62,2025-09-03 09:00:13,2025-09-03 15:55:37,14.97
2025-09-04,171,17,62,2025-09-04 09:04:18,2025-09-04 16:04:06,9.94
2025-09-05,167,21,60,2025-09-05 09:04:10,2025-09-05 16:01:33,12.57
2025-09-08,170,20,61,2025-09-08 09:02:06,2025-09-08 15:55:53,11.76
2025-09-09,168,26,56,2025-09-09 09:02:26,2025-09-09 16:00:17,15.48
2025-09-10,165,18,58,2025-09-10 09:00:54,2025-09-10 16:10:43,10.91
2025-09-11,160,25,58,2025-09-11 09:02:49,2025-09-11 15:57:54,15.62
2025-09-12,172,22,59,2025-09-12 09:02:30,2025-09-12 15:44:07,12.79
2025-09-15,158,22,60,2025-09-15 09:00:54,2025-09-15 16:04:25,13.92
2025-09-16,168,23,63,2025-09-16 09:04:05,2025-09-16 15:55:41,13.69
2025-09-17,143,14,60,2025-09-17 09:01:21,2025-09-17 15:41:17,9.79
2025-09-18,163,21,60,2025-09-18 08:30:33,2025-09-18 15:58:46,12.88
2025-09-19,137,19,50,2025-09-19 09:04:36,2025-09-19 16:00:33,13.87
2025-09-22,169,19,57,2025-09-22 09:02:06,2025-09-22 16:14:56,11.24
2025-09-23,182,20,60,2025-09-23 09:04:22,2025-09-23 16:03:54,10.99
2025-09-24,155,20,60,2025-09-24 09:02:07,2025-09-24 16:55:21,12.9
2025-09-25,157,21,56,2025-09-25 09:02:23,2025-09-25 15:44:23,13.38
2025-09-26,137,30,49,2025-09-26 09:01:12,2025-09-26 16:08:27,21.9
2025-09-29,151,21,59,2025-09-29 08:16:00,2025-09-29 15:54:09,13.91
2025-09-30,174,26,60,2025-09-30 09:02:00,2025-09-30 15:54:24,14.94
2025-10-01,167,22,61,2025-10-01 09:05:41,2025-10-01 15:58:27,13.17
2025-10-02,178,30,58,2025-10-02 09:01:55,2025-10-02 15:57:01,16.85
2025-10-03,157,16,57,2025-10-03 09:00:44,2025-10-03 16:00:39,10.19
2025-10-06,159,21,63,2025-10-06 09:05:17,2025-10-06 15:54:23,13.21
2025-10-07,183,24,66,2025-10-07 09:03:27,2025-10-07 15:55:47,13.11
2025-10-08,162,20,59,2025-10-08 09:08:47,2025-10-08 16:08:55,12.35
2025-10-09,176,22,61,2025-10-09 09:00:08,2025-10-09 15:50:08,12.5
2025-10-10,161,20,59,2025-10-10 09:00:30,2025-10-10 15:53:00,12.42
2025-10-13,159,22,60,2025-10-13 09:02:42,2025-10-13 16:01:27,13.84
2025-10-14,159,26,64,2025-10-14 09:01:54,2025-10-14 16:00:44,16.35
2025-10-15,176,29,65,2025-10-15 09:02:14,2025-10-15 15:49:12,16.48
2025-10-16,142,26,59,2025-10-16 09:04:06,2025-10-16 15:59:03,18.31
2025-10-17,158,20,56,2025-10-17 09:00:43,2025-10-17 16:01:09,12.66
2025-10-20,133,17,57,2025-10-20 09:03:31,2025-10-20 15:59:38,12.78
2025-10-21,152,13,54,2025-10-21 09:05:03,2025-10-21 16:01:26,8.55
2025-10-22,170,21,60,2025-10-22 09:01:01,2025-10-22 16:00:30,12.35
2025-10-23,163,21,68,2025-10-23 09:04:49,2025-10-23 16:01:11,12.88
2025-10-24,138,11,56,2025-10-24 09:02:25,2025-10-24 15:59:32,7.97
2025-10-27,170,22,62,2025-10-27 09:03:57,2025-10-27 15:57:52,12.94
2025-10-28,133,15,63,2025-10-28 09:01:50,2025-10-28 14:42:55,11.28
2026-03-31,195,16,73,2026-03-31 10:25:22,2026-03-31 16:00:12,8.21
2026-04-01,221,25,74,2026-04-01 09:04:02,2026-04-01 16:01:19,11.31
2026-04-02,218,20,75,2026-04-02 08:05:50,2026-04-02 16:01:33,9.17
2026-04-03,163,22,56,2026-04-03 09:04:03,2026-04-03 16:21:25,13.5
2026-04-07,202,17,69,2026-04-07 09:05:21,2026-04-07 16:06:29,8.42
2026-04-08,216,14,80,2026-04-08 09:00:57,2026-04-08 16:02:52,6.48
2026-04-09,237,25,84,2026-04-09 09:04:08,2026-04-09 15:52:42,10.55
2026-04-10,222,21,78,2026-04-10 09:00:22,2026-04-10 15:57:36,9.46
2026-04-13,252,20,84,2026-04-13 09:02:47,2026-04-13 15:58:39,7.94
2026-04-14,234,18,87,2026-04-14 08:07:22,2026-04-14 16:01:46,7.69
2026-04-15,210,20,80,2026-04-15 08:21:10,2026-04-15 16:07:49,9.52
2026-04-16,231,20,77,2026-04-16 09:05:18,2026-04-16 15:57:48,8.66
2026-04-17,233,21,84,2026-04-17 09:00:49,2026-04-17 16:04:03,9.01
2026-04-20,228,25,80,2026-04-20 08:38:45,2026-04-20 16:19:14,10.96
2026-04-21,220,19,84,2026-04-21 09:01:59,2026-04-21 15:52:44,8.64
2026-04-22,228,18,82,2026-04-22 09:03:07,2026-04-22 15:56:02,7.89
2026-04-23,206,14,74,2026-04-23 09:01:18,2026-04-23 16:21:40,6.8
2026-04-24,205,15,72,2026-04-24 09:04:05,2026-04-24 16:01:08,7.32
2026-04-27,221,19,84,2026-04-27 09:04:27,2026-04-27 16:00:23,8.6
2026-04-28,180,21,69,2026-04-28 09:00:32,2026-04-28 16:03:10,11.67
2026-04-29,210,18,76,2026-04-29 09:08:54,2026-04-29 16:03:08,8.57
2026-04-30,199,14,68,2026-04-30 09:04:01,2026-04-30 16:02:16,7.04
2026-05-04,220,14,75,2026-05-04 09:02:07,2026-05-04 16:07:20,6.36
2026-05-05,222,16,82,2026-05-05 09:01:25,2026-05-05 16:02:16,7.21
2026-05-06,209,19,79,2026-05-06 09:03:48,2026-05-06 16:08:00,9.09
2026-05-07,222,24,81,2026-05-07 09:03:05,2026-05-07 16:04:18,10.81
2026-05-08,206,18,71,2026-05-08 09:00:16,2026-05-08 15:57:45,8.74
2026-05-11,207,26,71,2026-05-11 08:12:52,2026-05-11 16:03:17,12.56
2026-05-12,214,21,76,2026-05-12 09:03:16,2026-05-12 16:01:09,9.81
2026-05-13,158,20,61,2026-05-13 09:02:20,2026-05-13 16:01:59,12.66
2026-05-14,201,18,74,2026-05-14 09:00:55,2026-05-14 16:01:56,8.96
2026-05-15,209,17,75,2026-05-15 09:00:22,2026-05-15 16:07:39,8.13
2026-05-18,211,10,73,2026-05-18 09:00:45,2026-05-18 16:09:49,4.74
2026-05-19,223,17,76,2026-05-19 09:03:22,2026-05-19 16:01:59,7.62
2026-05-20,175,18,68,2026-05-20 09:07:18,2026-05-20 16:01:23,10.29
2026-05-21,207,18,74,2026-05-21 09:01:37,2026-05-21 15:55:13,8.7
2026-05-22,178,12,65,2026-05-22 09:03:47,2026-05-22 15:59:16,6.74
2026-05-25,174,27,67,2026-05-25 09:02:27,2026-05-25 16:22:27,15.52
2026-05-26,172,13,68,2026-05-26 09:04:17,2026-05-26 15:53:59,7.56
2026-05-27,100,9,51,2026-05-27 09:01:12,2026-05-27 12:32:23,9.0
2026-06-08,1,1,1,2026-06-08 14:39:42,2026-06-08 14:39:42,100.0
