godzina,n,bledy,uzytkownicy,od,do,bledy_proc
7,5,0,3,2023-04-25 07:52:04,2023-11-08 07:42:11,0.0
8,43,8,19,2023-04-25 08:17:05,2026-05-11 08:32:55,18.6
9,10194,1348,168,2023-04-25 09:00:06,2026-05-27 09:59:27,13.22
10,10868,1420,170,2023-04-24 10:31:02,2026-05-27 10:56:23,13.07
11,10168,1338,175,2023-04-28 11:01:16,2026-05-27 11:59:13,13.16
12,9013,1220,169,2023-04-28 12:01:15,2026-05-27 12:32:23,13.54
13,7980,1072,162,2023-04-28 13:04:36,2026-05-26 13:59:29,13.43
14,6804,902,161,2023-04-28 14:03:09,2026-06-08 14:39:42,13.26
15,5799,841,165,2023-04-28 15:00:37,2026-05-26 15:53:59,14.5
16,425,64,88,2023-04-28 16:00:29,2026-05-25 16:22:27,15.06
17,10,2,8,2023-05-18 17:01:17,2025-02-21 17:21:40,20.0
18,1,1,1,2023-05-10 18:57:58,2023-05-10 18:57:58,100.0
