miesiac,n,bledy,uzytkownicy,od,do,bledy_proc
2023-04,644,123,72,2023-04-24 10:31:02,2023-04-28 16:29:28,19.1
2023-05,1481,234,50,2023-05-10 18:57:58,2023-05-31 15:51:07,15.8
2023-06,2242,372,49,2023-06-01 09:03:26,2023-06-30 16:21:40,16.59
2023-07,213,27,40,2023-07-03 09:01:25,2023-07-05 09:59:07,12.68
2023-08,495,67,42,2023-08-03 15:16:38,2023-08-16 12:27:18,13.54
2023-10,553,99,49,2023-10-25 09:03:37,2023-10-31 16:09:53,17.9
2023-11,1729,305,92,2023-11-02 09:06:58,2023-11-30 16:56:38,17.64
2023-12,1372,211,88,2023-12-01 09:02:26,2023-12-13 15:42:21,15.38
2024-01,50,7,36,2024-01-08 13:58:20,2024-01-08 15:44:32,14.0
2024-02,2038,258,90,2024-02-06 13:03:41,2024-02-26 16:02:09,12.66
2024-03,2933,375,101,2024-03-05 09:03:45,2024-03-29 15:57:11,12.79
2024-04,1895,236,87,2024-04-02 09:00:48,2024-04-18 12:57:33,12.45
2024-05,407,53,75,2024-05-17 14:24:43,2024-05-21 15:38:03,13.02
2024-09,494,126,34,2024-09-20 10:21:11,2024-09-30 16:31:08,25.51
2024-10,482,83,36,2024-10-01 09:08:29,2024-10-11 11:03:43,17.22
2024-11,1908,271,85,2024-11-15 12:56:29,2024-11-29 15:51:22,14.2
2024-12,3343,472,82,2024-12-02 09:01:22,2024-12-31 14:17:19,14.12
2025-01,3694,490,80,2025-01-02 09:03:43,2025-01-31 16:05:53,13.26
2025-02,3296,469,83,2025-02-03 09:00:45,2025-02-28 16:03:44,14.23
2025-03,3740,477,78,2025-03-03 09:01:45,2025-03-31 15:57:29,12.75
2025-04,1653,235,71,2025-04-01 09:01:33,2025-04-14 09:38:31,14.22
2025-05,2181,330,73,2025-05-12 14:18:18,2025-05-30 16:15:53,15.13
2025-06,3045,375,69,2025-06-02 09:03:06,2025-06-30 16:01:37,12.32
2025-07,3571,468,75,2025-07-01 09:07:49,2025-07-31 15:57:33,13.11
2025-08,2869,415,72,2025-08-01 09:02:39,2025-08-29 16:00:51,14.46
2025-09,3546,480,77,2025-09-01 09:06:04,2025-09-30 15:54:24,13.54
2025-10,3196,418,86,2025-10-01 09:05:41,2025-10-28 14:42:55,13.08
2026-03,195,16,73,2026-03-31 10:25:22,2026-03-31 16:00:12,8.21
2026-04,4536,406,103,2026-04-01 09:04:02,2026-04-30 16:02:16,8.95
2026-05,3508,317,96,2026-05-04 09:02:07,2026-05-27 12:32:23,9.04
2026-06,1,1,1,2026-06-08 14:39:42,2026-06-08 14:39:42,100.0
