question_id,answer_id,n,bledy,uzytkownicy,od,do,bledy_proc
35,119,19,19,15,2023-04-28 15:25:17,2025-10-28 10:18:40,100.0
35,120,257,0,90,2023-04-25 09:03:53,2025-10-24 13:04:26,0.0
35,121,26,26,23,2023-05-12 09:51:00,2025-10-28 10:13:29,100.0
35,122,114,114,63,2023-04-25 09:25:41,2025-10-27 15:57:01,100.0
36,123,363,0,92,2023-04-25 10:08:26,2025-10-27 10:53:03,0.0
36,124,51,51,33,2023-04-28 11:38:05,2025-10-22 11:55:59,100.0
36,125,18,18,15,2023-04-28 15:38:06,2025-09-29 09:12:29,100.0
37,126,5,5,4,2024-09-25 12:24:52,2025-10-27 12:04:54,100.0
37,127,402,0,105,2023-04-25 09:22:00,2025-10-27 12:38:05,0.0
37,128,6,6,6,2023-06-19 14:00:45,2025-10-02 11:58:30,100.0
44,147,40,40,26,2023-05-15 14:04:22,2025-10-23 11:26:58,100.0
44,148,603,0,127,2023-04-25 08:32:51,2025-10-28 09:05:28,0.0
44,149,24,24,20,2023-05-18 14:13:03,2025-09-26 10:48:56,100.0
44,150,29,29,25,2023-04-28 15:18:19,2025-07-17 16:09:30,100.0
45,151,34,34,28,2023-04-25 08:59:17,2025-10-07 11:01:12,100.0
45,152,591,0,132,2023-04-25 09:27:07,2025-10-27 10:51:05,0.0
45,153,45,45,34,2023-04-25 08:34:03,2025-09-19 11:39:09,100.0
46,154,661,0,126,2023-04-25 08:54:44,2025-10-28 10:11:15,0.0
46,155,4,4,4,2023-05-18 11:22:56,2025-09-10 13:20:17,100.0
46,156,16,16,15,2023-04-28 15:41:19,2025-09-03 15:40:09,100.0
47,157,549,0,128,2023-04-25 07:52:04,2025-10-27 15:25:05,0.0
47,158,72,72,34,2023-04-28 15:27:14,2025-10-09 10:15:46,100.0
47,159,21,21,15,2023-04-28 11:14:00,2025-09-04 09:44:53,100.0
47,160,25,25,15,2023-04-28 15:06:12,2025-09-18 11:45:39,100.0
48,161,271,0,69,2023-04-28 12:50:34,2025-10-28 09:17:40,0.0
48,171,56,56,32,2023-04-28 11:12:27,2025-10-23 11:26:24,100.0
49,173,289,0,71,2023-04-25 09:21:05,2025-10-28 11:12:21,0.0
49,174,33,33,19,2023-05-23 13:21:59,2025-10-23 11:27:27,100.0
51,176,20,20,15,2023-04-24 10:31:02,2025-10-14 09:03:40,100.0
51,177,580,0,125,2023-04-25 08:48:02,2025-10-27 10:27:04,0.0
51,178,71,71,45,2023-04-25 08:37:35,2025-10-16 12:31:51,100.0
52,179,606,0,119,2023-04-28 13:27:04,2025-10-27 12:02:47,0.0
52,180,60,60,30,2023-04-25 08:28:09,2025-10-20 10:29:31,100.0
52,181,40,40,24,2023-04-28 11:36:54,2025-09-05 13:19:24,100.0
54,184,656,0,126,2023-04-25 09:14:13,2025-10-28 10:15:08,0.0
54,185,6,6,5,2023-06-15 09:19:04,2025-09-23 09:16:28,100.0
54,186,11,11,5,2023-06-19 11:21:30,2025-10-15 09:27:33,100.0
62,207,162,0,57,2023-05-12 12:21:33,2025-06-11 12:26:48,0.0
62,208,39,39,24,2023-04-28 15:23:57,2025-06-05 12:43:59,100.0
62,209,34,34,21,2023-04-28 15:22:48,2025-04-02 14:17:47,100.0
65,216,6,6,5,2023-04-28 15:25:19,2025-03-13 09:30:37,100.0
65,217,385,0,96,2023-04-25 08:45:19,2025-10-27 15:57:32,0.0
65,218,40,40,22,2023-05-17 09:43:02,2025-09-26 10:54:02,100.0
66,219,92,92,54,2023-04-25 08:54:27,2025-04-10 15:56:17,100.0
66,220,74,74,52,2023-04-28 14:23:07,2025-04-14 09:36:43,100.0
66,221,119,0,61,2023-04-25 09:09:09,2025-04-04 13:22:48,0.0
67,222,75,75,47,2023-04-25 09:27:37,2025-10-28 10:31:34,100.0
67,223,239,0,85,2023-04-25 08:28:03,2025-10-28 09:38:40,0.0
67,224,78,78,46,2023-04-25 09:09:02,2025-10-27 10:18:52,100.0
68,225,404,0,99,2023-04-25 08:55:22,2025-10-27 10:33:01,0.0
68,226,8,8,7,2023-12-04 09:56:24,2025-09-02 10:31:26,100.0
68,227,8,8,6,2024-03-28 15:18:32,2025-09-01 13:20:12,100.0
69,228,62,62,39,2023-04-25 09:08:14,2025-10-27 11:09:43,100.0
69,229,11,11,9,2023-04-28 15:04:17,2025-08-08 09:35:13,100.0
69,230,344,0,92,2023-04-25 08:26:22,2025-10-24 14:03:28,0.0
70,231,50,50,31,2023-04-28 15:22:37,2025-10-28 10:32:35,100.0
70,232,350,0,100,2023-04-25 08:33:46,2025-10-28 13:01:05,0.0
70,233,26,26,20,2023-04-28 15:58:59,2025-10-13 09:35:17,100.0
71,234,101,101,48,2023-04-25 08:22:57,2025-10-23 10:55:18,100.0
71,235,36,36,27,2023-04-28 15:15:09,2025-10-21 13:15:44,100.0
71,236,294,0,81,2023-04-28 13:29:13,2025-10-27 14:21:45,0.0
73,239,91,91,41,2023-05-15 15:39:41,2025-10-23 14:04:05,100.0
73,240,48,48,22,2023-08-14 15:29:23,2025-10-20 09:11:26,100.0
73,298,179,0,61,2023-04-28 15:16:50,2025-10-24 14:43:54,0.0
74,241,315,0,74,2023-04-25 09:01:32,2025-10-27 10:12:33,0.0
74,242,5,5,3,2023-12-12 12:07:01,2025-08-07 09:10:26,100.0
74,243,5,5,3,2024-12-05 10:08:26,2025-09-03 10:14:10,100.0
75,244,241,0,66,2023-04-25 08:34:16,2025-10-28 11:53:02,0.0
75,245,21,21,13,2023-11-03 12:30:06,2025-10-20 10:03:11,100.0
75,246,53,53,34,2023-04-25 09:03:15,2025-10-27 14:54:22,100.0
76,247,3,3,3,2025-03-24 09:26:37,2025-07-31 10:37:59,100.0
76,248,310,0,74,2023-04-28 11:26:44,2025-10-28 11:34:33,0.0
76,249,4,4,2,2024-04-12 10:36:07,2025-10-08 09:17:12,100.0
92,256,370,0,104,2023-04-25 08:17:37,2025-10-27 12:18:15,0.0
92,257,96,96,50,2023-04-28 15:11:50,2025-10-21 11:02:42,100.0
92,258,122,122,57,2023-05-12 10:16:50,2025-10-27 11:59:35,100.0
94,259,55,55,35,2023-04-25 09:14:40,2025-10-10 13:06:28,100.0
94,260,489,0,112,2023-04-25 08:54:33,2025-10-27 09:21:28,0.0
94,261,43,43,31,2023-04-28 15:34:02,2025-10-22 12:15:56,100.0
95,262,39,39,23,2023-04-25 09:20:41,2025-10-23 11:07:10,100.0
95,263,583,0,118,2023-04-25 08:55:26,2025-10-28 13:08:09,0.0
95,264,1,1,1,2025-10-09 11:12:31,2025-10-09 11:12:31,100.0
96,265,53,53,32,2023-04-28 11:07:58,2025-10-16 10:23:55,100.0
96,266,530,0,117,2023-04-28 11:04:06,2025-10-28 13:26:02,0.0
96,267,18,18,14,2023-05-11 15:51:11,2025-09-22 15:18:17,100.0
96,268,4,4,4,2023-08-08 09:22:39,2025-10-07 12:17:03,100.0
97,269,556,0,118,2023-04-25 08:44:24,2025-10-27 14:15:37,0.0
97,270,16,16,8,2023-05-18 10:24:49,2025-10-28 10:05:14,100.0
97,271,19,19,10,2023-10-27 09:35:10,2025-10-27 13:45:17,100.0
98,272,486,0,114,2023-04-28 11:05:44,2025-10-28 09:04:43,0.0
98,273,69,69,37,2023-04-25 09:13:46,2025-10-15 09:15:23,100.0
98,274,11,11,10,2023-04-28 12:59:40,2025-10-09 11:43:50,100.0
98,275,37,37,21,2023-04-28 13:41:43,2025-10-14 12:32:13,100.0
99,276,20,20,14,2023-04-28 15:08:03,2025-09-30 13:56:37,100.0
99,277,537,0,117,2023-04-25 09:09:17,2025-10-28 10:59:35,0.0
99,278,19,19,19,2023-04-28 15:02:08,2025-09-25 11:10:35,100.0
100,279,118,118,66,2023-05-12 11:37:52,2025-10-27 15:05:42,100.0
100,280,90,90,59,2023-04-28 15:47:09,2025-10-27 11:22:58,100.0
100,281,363,0,104,2023-04-28 15:02:33,2025-10-28 11:32:34,0.0
101,282,505,0,112,2023-04-25 09:07:42,2025-10-28 13:07:28,0.0
101,283,24,24,14,2023-06-22 15:19:56,2025-10-17 13:20:46,100.0
101,284,60,60,42,2023-04-28 15:09:55,2025-10-13 15:29:29,100.0
106,288,364,0,110,2023-04-28 10:53:03,2025-04-14 09:24:07,0.0
106,289,25,25,20,2023-04-28 14:59:35,2025-04-04 10:51:35,100.0
106,291,10,10,7,2023-05-19 14:55:58,2025-03-20 12:57:44,100.0
108,295,22,22,18,2023-04-25 09:00:06,2024-02-21 13:02:13,100.0
108,296,115,0,50,2023-04-25 09:18:56,2024-02-20 11:48:30,0.0
108,297,6,6,6,2023-04-28 15:11:23,2023-11-30 10:07:23,100.0
109,299,29,29,19,2023-10-25 13:50:37,2025-10-08 12:33:52,100.0
109,301,479,0,110,2023-10-26 09:38:28,2025-10-28 10:45:26,0.0
110,302,523,0,122,2023-04-28 11:14:58,2025-10-27 13:14:51,0.0
110,304,59,59,35,2023-05-10 18:57:58,2025-10-27 12:50:06,100.0
110,305,23,23,18,2023-05-16 10:33:21,2025-10-06 10:45:01,100.0
111,306,33,33,25,2023-04-28 14:36:18,2025-10-13 13:36:01,100.0
111,307,581,0,121,2023-04-28 11:22:59,2025-10-27 15:54:09,0.0
111,308,10,10,10,2023-05-17 14:49:22,2025-09-29 15:53:50,100.0
112,309,536,0,122,2023-04-28 12:18:04,2025-10-27 12:39:03,0.0
112,310,5,5,5,2025-01-23 14:38:45,2025-10-28 14:42:55,100.0
112,311,67,67,41,2023-04-28 15:04:18,2025-10-24 10:05:22,100.0
113,312,5,5,5,2023-10-27 10:22:39,2025-08-06 10:42:08,100.0
113,313,692,0,129,2023-04-28 11:18:16,2025-10-28 12:55:49,0.0
113,314,1,1,1,2025-03-11 12:49:02,2025-03-11 12:49:02,100.0
115,319,563,0,120,2023-04-28 15:02:39,2025-10-24 15:30:46,0.0
115,320,55,55,34,2023-06-02 13:16:20,2025-10-28 12:28:25,100.0
115,321,3,3,3,2023-05-25 12:32:08,2025-07-22 10:46:21,100.0
116,322,344,0,111,2023-04-28 15:16:13,2025-04-11 14:06:26,0.0
116,323,4,4,4,2023-06-09 14:20:16,2025-03-13 09:35:09,100.0
116,324,30,30,23,2023-05-25 12:46:12,2025-04-11 11:41:27,100.0
117,325,4,4,3,2023-04-28 15:36:14,2023-06-26 15:12:02,100.0
117,326,18,18,15,2023-05-11 14:29:55,2025-03-11 09:35:53,100.0
117,327,51,51,39,2023-05-25 10:20:35,2025-04-10 10:07:57,100.0
117,328,317,0,111,2023-04-28 15:36:21,2025-04-11 13:36:38,0.0
118,329,10,10,10,2023-05-15 10:05:21,2025-10-27 15:19:29,100.0
118,330,545,0,116,2023-05-11 16:44:40,2025-10-28 10:34:05,0.0
118,331,11,11,9,2023-05-29 12:54:28,2025-07-25 13:02:20,100.0
120,335,50,50,26,2023-05-26 09:56:38,2025-10-15 11:19:47,100.0
120,336,6,6,5,2023-11-02 12:03:42,2025-06-25 09:55:07,100.0
120,337,4,4,3,2023-11-29 15:05:00,2025-01-08 10:24:43,100.0
120,338,204,0,56,2023-05-24 13:21:00,2025-10-28 12:05:29,0.0
120,339,8,8,7,2023-11-23 09:47:39,2025-09-17 11:32:30,100.0
123,346,40,40,27,2023-05-25 11:33:16,2025-04-11 12:47:07,100.0
123,347,10,10,8,2023-08-10 09:43:05,2025-04-01 11:29:37,100.0
123,348,6,6,5,2023-12-12 13:21:38,2025-03-25 09:24:11,100.0
123,349,142,0,61,2023-05-24 12:28:48,2025-04-11 11:21:27,0.0
125,354,129,0,60,2023-05-26 09:18:14,2024-04-17 10:28:20,0.0
125,355,4,4,4,2023-10-30 14:25:53,2024-04-16 13:10:21,100.0
125,356,2,2,2,2023-08-08 10:02:44,2023-10-31 11:41:46,100.0
127,359,62,62,42,2023-05-26 14:05:22,2024-04-17 15:25:31,100.0
127,360,69,0,43,2023-05-26 15:39:40,2024-04-15 10:56:00,0.0
127,361,19,19,12,2023-05-30 12:17:33,2024-04-05 09:43:24,100.0
128,362,158,0,70,2023-05-26 13:28:21,2024-04-17 15:00:14,0.0
128,363,3,3,3,2023-05-31 12:31:25,2023-06-27 13:02:39,100.0
129,365,22,22,17,2023-05-26 12:52:04,2024-04-10 10:31:58,100.0
129,366,106,0,57,2023-05-26 11:20:58,2024-04-18 11:22:48,0.0
129,367,11,11,10,2023-06-27 10:14:00,2024-04-15 10:53:42,100.0
130,368,99,99,50,2023-05-30 10:42:26,2025-10-27 09:05:24,100.0
130,369,422,0,108,2023-05-29 11:19:20,2025-10-23 09:32:24,0.0
130,370,35,35,19,2023-06-07 12:43:01,2025-09-23 10:31:57,100.0
130,371,22,22,16,2023-06-07 12:30:16,2025-09-29 13:45:14,100.0
131,372,37,37,25,2023-06-27 10:52:58,2025-10-09 11:42:58,100.0
131,373,521,0,113,2023-05-29 11:03:57,2025-10-28 12:02:15,0.0
131,374,1,1,1,2023-06-06 12:49:47,2023-06-06 12:49:47,100.0
131,375,2,2,2,2023-05-30 13:41:57,2025-06-10 12:28:47,100.0
132,376,164,164,73,2023-05-30 10:32:01,2025-10-22 13:15:49,100.0
132,377,358,0,101,2023-05-30 11:25:04,2025-10-27 11:19:45,0.0
132,378,14,14,12,2023-06-12 10:01:17,2025-10-28 11:12:15,100.0
132,379,22,22,14,2023-06-22 10:25:35,2025-10-22 14:46:01,100.0
133,380,5,5,5,2023-12-01 09:46:02,2025-08-08 13:31:47,100.0
133,381,531,0,121,2023-05-30 10:30:32,2025-10-24 15:04:03,0.0
133,382,2,2,2,2025-03-27 13:34:30,2025-07-23 14:02:30,100.0
134,383,16,16,9,2023-06-06 09:00:30,2025-08-14 14:12:29,100.0
134,384,1,1,1,2024-04-15 14:44:43,2024-04-15 14:44:43,100.0
134,385,563,0,118,2023-05-30 09:12:10,2025-10-28 12:13:32,0.0
134,386,2,2,2,2025-03-14 12:28:45,2025-08-06 14:09:43,100.0
135,387,9,9,9,2023-07-03 12:05:32,2025-09-18 14:02:01,100.0
135,388,4,4,4,2023-11-28 11:31:27,2025-04-14 09:31:14,100.0
135,389,550,0,120,2023-05-30 09:23:26,2025-10-28 11:56:56,0.0
135,390,3,3,3,2024-11-26 13:48:19,2025-03-20 09:13:30,100.0
140,403,54,54,38,2023-05-31 10:03:42,2025-10-27 10:19:40,100.0
140,404,121,0,59,2023-06-01 13:29:13,2025-10-28 09:11:43,0.0
141,405,304,0,84,2023-05-31 10:00:36,2025-10-27 15:22:28,0.0
141,406,8,8,5,2023-11-27 09:41:10,2025-10-20 14:04:41,100.0
141,407,72,72,45,2023-05-31 09:19:10,2025-10-22 14:52:33,100.0
142,408,99,99,60,2023-06-02 14:41:01,2025-10-24 12:08:26,100.0
142,409,426,0,107,2023-06-05 09:39:06,2025-10-28 10:31:21,0.0
142,410,2,2,2,2025-03-28 09:01:03,2025-10-23 10:59:32,100.0
142,411,1,1,1,2025-01-02 10:22:24,2025-01-02 10:22:24,100.0
143,412,19,19,15,2023-06-05 10:09:47,2024-03-28 13:33:41,100.0
143,413,136,0,65,2023-06-01 10:47:46,2024-04-18 12:18:14,0.0
143,415,1,1,1,2023-06-09 12:13:19,2023-06-09 12:13:19,100.0
144,416,17,17,16,2023-06-01 14:42:31,2024-03-29 09:58:49,100.0
144,417,136,0,65,2023-06-01 13:01:04,2024-04-17 10:38:22,0.0
144,418,3,3,2,2023-08-07 09:23:35,2023-10-31 10:45:32,100.0
145,419,139,0,65,2023-06-01 11:35:26,2024-04-17 15:07:36,0.0
145,420,5,5,4,2023-06-02 14:09:08,2023-11-29 10:06:54,100.0
145,421,4,4,4,2023-08-03 16:47:02,2023-11-29 13:09:52,100.0
157,450,41,41,27,2023-06-21 10:23:53,2025-10-17 11:49:34,100.0
157,451,16,16,9,2023-11-23 08:22:36,2025-10-07 15:32:02,100.0
157,452,430,0,112,2023-06-19 10:06:24,2025-10-28 12:32:02,0.0
158,453,542,0,114,2023-06-19 12:29:25,2025-10-28 11:00:16,0.0
158,454,6,6,6,2023-07-04 12:11:57,2025-09-04 14:31:24,100.0
159,455,6,6,5,2023-10-25 10:54:12,2025-10-24 11:31:12,100.0
159,456,16,16,12,2023-06-20 15:59:22,2025-10-20 09:42:43,100.0
159,457,459,0,113,2023-06-19 15:22:53,2025-10-28 13:05:21,0.0
160,458,40,40,23,2023-06-21 12:19:51,2025-10-21 10:20:59,100.0
160,459,184,184,80,2023-06-20 09:12:51,2025-10-16 14:45:07,100.0
160,460,399,0,102,2023-06-20 11:46:13,2025-10-28 10:32:25,0.0
162,464,530,0,117,2023-06-20 09:34:50,2025-10-28 13:02:45,0.0
162,465,59,59,36,2023-06-20 11:59:36,2025-10-15 09:32:55,100.0
162,466,5,5,5,2023-11-29 13:48:12,2025-10-06 10:40:24,100.0
162,467,7,7,7,2024-02-13 10:02:35,2025-09-03 11:15:29,100.0
176,507,281,0,68,2023-08-09 09:32:30,2025-10-28 11:07:04,0.0
176,508,13,13,5,2024-02-19 12:38:32,2025-10-03 10:03:51,100.0
176,509,5,5,5,2024-03-06 11:38:55,2025-08-07 10:03:52,100.0
177,510,25,25,19,2023-08-07 09:37:09,2025-10-14 14:54:01,100.0
177,511,271,0,72,2023-08-04 10:55:05,2025-10-22 14:41:13,0.0
184,532,9,9,9,2023-11-09 11:28:41,2025-06-05 14:49:26,100.0
184,533,490,0,107,2023-10-25 13:15:41,2025-10-28 12:55:30,0.0
184,534,35,35,18,2023-10-27 10:11:08,2025-10-28 12:21:27,100.0
185,535,403,0,104,2023-10-25 10:04:06,2025-10-28 12:50:15,0.0
185,536,62,62,33,2023-10-26 10:47:26,2025-10-08 10:01:31,100.0
185,537,36,36,28,2023-11-09 10:32:37,2025-10-23 09:18:08,100.0
186,538,89,89,48,2023-10-25 11:33:51,2025-10-23 11:12:44,100.0
186,539,384,0,96,2023-10-25 13:09:25,2025-10-27 10:53:41,0.0
187,540,6,6,6,2023-10-26 10:55:30,2025-07-31 14:31:55,100.0
187,541,488,0,110,2023-10-26 13:19:03,2025-10-28 12:42:01,0.0
187,542,6,6,4,2024-11-15 15:10:06,2025-09-17 14:36:34,100.0
188,543,7,7,4,2024-02-23 12:58:52,2025-10-07 11:52:45,100.0
188,544,505,0,114,2023-10-25 13:06:18,2025-10-27 15:31:20,0.0
188,545,10,10,8,2023-10-30 10:08:31,2025-08-29 12:28:56,100.0
189,546,523,0,123,2023-10-25 12:00:30,2025-10-28 11:57:29,0.0
189,547,44,44,29,2023-10-25 10:22:52,2025-10-16 14:51:13,100.0
190,548,10,10,9,2024-02-08 11:07:03,2025-08-05 09:43:10,100.0
190,549,24,24,18,2023-10-25 14:01:51,2025-10-09 09:03:32,100.0
190,550,521,0,121,2023-10-25 15:30:48,2025-10-28 12:57:17,0.0
191,552,37,37,27,2023-10-25 10:42:25,2025-10-16 14:30:36,100.0
191,553,35,35,28,2023-10-26 11:15:49,2025-09-29 14:51:10,100.0
191,554,435,0,101,2023-10-26 10:43:18,2025-10-28 11:18:35,0.0
193,559,111,111,56,2023-11-07 14:25:53,2025-10-22 10:02:00,100.0
193,560,196,0,65,2023-10-26 10:40:55,2025-10-23 13:53:45,0.0
193,561,30,30,23,2023-11-30 11:12:43,2025-10-13 10:15:20,100.0
194,562,19,19,15,2023-10-30 10:31:46,2025-10-24 09:57:46,100.0
194,563,340,0,85,2023-10-26 13:52:35,2025-10-28 12:29:24,0.0
196,566,7,7,5,2024-11-22 10:10:06,2025-10-17 12:32:44,100.0
196,567,448,0,107,2023-10-26 16:06:55,2025-10-28 13:04:34,0.0
196,568,43,43,29,2023-10-30 10:52:55,2025-09-02 14:18:11,100.0
198,572,3,3,3,2025-08-20 13:35:56,2025-10-28 09:13:50,100.0
198,573,516,0,115,2023-10-27 10:58:59,2025-10-27 12:35:13,0.0
198,574,13,13,6,2023-11-09 09:00:21,2025-10-24 11:25:23,100.0
199,575,53,53,31,2023-10-27 10:43:42,2025-04-11 12:10:43,100.0
199,576,239,0,94,2023-10-27 09:12:28,2025-04-11 09:27:14,0.0
199,577,6,6,6,2023-11-24 09:29:32,2025-01-21 09:38:52,100.0
200,578,12,12,9,2024-09-30 14:45:28,2025-10-20 11:23:41,100.0
200,579,268,0,81,2023-10-30 10:05:37,2025-10-28 10:34:47,0.0
200,580,36,36,22,2023-10-30 12:06:20,2025-10-20 14:38:44,100.0
200,581,8,8,6,2023-11-07 14:49:54,2025-04-09 10:33:38,100.0
201,582,7,7,6,2024-09-25 14:58:14,2025-09-16 14:12:49,100.0
201,583,16,16,10,2023-12-08 11:21:18,2025-10-16 12:45:24,100.0
201,584,316,0,73,2023-10-30 13:07:28,2025-10-28 10:24:33,0.0
202,585,1,1,1,2025-08-06 12:04:44,2025-08-06 12:04:44,100.0
202,586,322,0,79,2023-11-03 15:51:36,2025-10-28 11:29:20,0.0
203,588,14,14,13,2024-02-20 14:34:23,2025-09-11 11:46:12,100.0
203,589,8,8,8,2023-12-05 10:13:45,2025-08-13 09:10:41,100.0
203,590,66,66,42,2023-11-07 09:13:34,2025-10-07 13:49:53,100.0
203,591,383,0,98,2023-11-08 11:05:51,2025-10-28 09:17:58,0.0
204,592,36,36,26,2023-11-07 09:27:05,2026-05-18 10:41:37,100.0
204,593,491,0,113,2023-11-08 10:22:27,2026-05-27 10:28:21,0.0
204,594,47,47,24,2023-11-27 11:04:15,2026-05-25 13:39:02,100.0
205,595,465,0,111,2023-11-06 15:38:32,2026-05-27 11:03:58,0.0
205,596,88,88,44,2023-11-23 09:56:40,2026-05-20 14:32:24,100.0
205,597,21,21,17,2023-11-09 09:48:01,2026-04-30 09:41:47,100.0
206,598,123,123,60,2023-11-27 11:37:10,2026-05-25 09:08:02,100.0
206,599,104,104,48,2023-11-10 11:55:54,2026-05-27 11:31:54,100.0
206,600,326,0,109,2023-11-06 11:02:48,2026-05-27 10:27:42,0.0
207,601,86,86,45,2023-11-08 13:25:46,2026-05-27 12:08:43,100.0
207,602,398,0,108,2023-11-06 11:58:33,2026-05-26 11:49:38,0.0
207,603,27,27,18,2023-11-10 13:57:14,2026-05-19 15:05:42,100.0
208,604,37,37,19,2023-11-06 11:57:43,2026-05-27 09:34:04,100.0
208,605,466,0,113,2023-11-06 16:30:30,2026-05-26 14:10:25,0.0
208,606,41,41,29,2023-12-11 13:03:41,2026-05-20 15:17:57,100.0
209,607,6,6,5,2024-03-13 09:58:21,2026-05-21 12:44:53,100.0
209,608,565,0,117,2023-11-07 09:54:44,2026-05-27 12:11:53,0.0
209,609,17,17,13,2023-11-07 12:59:29,2026-05-14 09:33:16,100.0
210,610,71,71,44,2023-11-28 11:52:56,2026-05-26 10:04:57,100.0
210,611,442,0,105,2023-11-07 09:06:56,2026-05-26 10:14:40,0.0
210,612,39,39,23,2023-11-24 09:28:21,2026-05-25 14:22:35,100.0
211,614,9,9,7,2023-11-29 14:13:47,2025-09-08 11:01:18,100.0
211,615,25,25,19,2024-04-08 09:58:05,2025-10-24 11:18:02,100.0
211,616,450,0,106,2023-11-27 11:01:37,2025-10-27 09:54:26,0.0
212,617,19,19,15,2023-12-01 13:09:04,2025-09-09 09:53:22,100.0
212,618,4,4,3,2024-11-27 11:19:22,2025-07-16 12:24:32,100.0
212,619,451,0,104,2023-11-27 11:41:13,2025-10-28 11:22:08,0.0
212,620,28,28,19,2023-12-08 12:31:26,2025-10-08 10:01:32,100.0
213,621,51,51,24,2023-11-29 13:30:18,2025-10-28 11:20:49,100.0
213,622,430,0,100,2023-11-27 10:00:45,2025-10-28 11:24:16,0.0
213,623,3,3,2,2024-04-12 10:22:33,2025-09-11 10:17:43,100.0
214,624,5,5,5,2024-03-05 15:41:23,2025-10-14 10:27:19,100.0
214,625,14,14,12,2023-11-27 10:41:32,2025-09-16 11:57:27,100.0
214,626,367,0,92,2023-11-27 11:30:45,2025-10-27 15:57:52,0.0
214,627,43,43,26,2023-11-30 10:26:42,2025-10-27 14:25:02,100.0
215,628,12,12,9,2023-12-01 10:29:42,2025-09-01 12:58:13,100.0
215,629,308,0,75,2023-11-28 09:52:50,2025-10-24 15:53:10,0.0
215,630,21,21,12,2023-12-01 10:28:26,2025-10-23 13:06:01,100.0
216,631,23,23,16,2023-11-30 12:57:07,2025-07-16 10:23:09,100.0
216,632,2,2,2,2025-02-26 12:58:07,2025-09-11 09:39:09,100.0
216,633,7,7,4,2024-03-05 13:53:56,2025-10-13 10:27:08,100.0
216,634,212,0,56,2023-11-28 14:56:26,2025-10-24 10:35:15,0.0
217,635,17,17,13,2023-12-06 13:25:46,2025-04-11 11:48:24,100.0
217,636,233,0,93,2023-12-01 15:41:26,2025-04-14 09:26:50,0.0
218,637,359,0,101,2023-12-01 15:48:55,2025-10-28 11:39:55,0.0
218,638,93,93,47,2024-02-22 11:03:19,2025-10-07 13:26:32,100.0
218,639,18,18,13,2023-12-04 09:16:08,2025-10-08 13:20:28,100.0
219,640,448,0,103,2023-12-04 12:37:35,2025-10-28 11:55:16,0.0
219,641,35,35,21,2023-12-04 10:53:08,2025-10-20 11:20:56,100.0
220,642,32,32,22,2024-02-20 09:45:25,2025-09-29 15:19:57,100.0
220,643,437,0,105,2024-02-20 10:09:33,2025-10-28 10:58:41,0.0
221,644,7,7,5,2024-01-08 15:42:17,2025-08-22 12:49:09,100.0
221,645,400,0,103,2024-02-19 14:08:34,2025-10-28 11:43:42,0.0
221,646,20,20,12,2024-12-17 11:14:52,2025-10-27 12:35:10,100.0
222,647,17,17,12,2024-02-23 13:08:51,2025-10-16 12:25:00,100.0
222,648,350,0,89,2024-02-20 10:39:42,2025-10-22 09:19:24,0.0
222,649,76,76,41,2024-02-21 10:06:27,2025-10-27 10:28:06,100.0
223,650,231,0,87,2024-03-14 10:32:23,2025-04-11 15:06:34,0.0
223,651,21,21,17,2024-03-15 10:45:04,2025-03-25 16:04:19,100.0
225,656,21,21,16,2024-03-12 09:58:31,2025-02-07 15:20:48,100.0
225,657,134,0,80,2024-03-11 09:22:33,2025-02-11 11:52:23,0.0
225,658,6,6,6,2024-03-18 10:26:48,2025-02-07 11:51:51,100.0
225,659,17,17,13,2024-03-11 13:50:42,2025-02-06 15:32:40,100.0
227,663,167,0,86,2024-03-11 09:06:18,2025-02-11 13:27:15,0.0
227,664,15,15,11,2024-03-18 15:25:47,2025-02-11 14:39:18,100.0
227,665,3,3,3,2024-03-19 12:37:47,2024-12-09 10:09:19,100.0
228,666,8,8,7,2024-03-11 11:24:41,2025-02-07 14:03:01,100.0
228,667,29,29,21,2024-03-12 13:05:55,2025-02-10 09:43:39,100.0
228,668,9,9,7,2024-03-12 15:12:53,2025-01-30 15:09:12,100.0
228,669,148,0,79,2024-03-11 13:33:45,2025-02-11 10:12:58,0.0
229,670,159,0,79,2024-03-11 14:15:46,2025-02-11 10:26:19,0.0
229,671,5,5,5,2024-03-13 13:33:34,2025-01-23 10:11:18,100.0
229,672,20,20,18,2024-03-11 09:44:35,2025-02-10 12:58:13,100.0
230,673,16,16,15,2024-03-14 14:15:07,2025-01-20 14:02:48,100.0
230,674,146,0,76,2024-03-11 10:12:26,2025-02-10 11:56:25,0.0
230,675,4,4,4,2024-03-11 14:23:33,2025-02-03 14:48:03,100.0
240,701,31,31,26,2024-03-15 10:56:24,2025-04-07 13:38:12,100.0
240,702,5,5,3,2024-03-18 13:09:37,2025-03-04 14:13:51,100.0
240,703,198,0,82,2024-03-14 12:56:37,2025-04-10 14:47:48,0.0
242,707,36,36,23,2024-09-20 14:24:19,2025-09-30 10:08:24,100.0
242,708,247,0,66,2024-09-20 15:47:20,2025-10-28 10:14:36,0.0
242,709,25,25,16,2024-09-20 12:45:10,2025-10-07 12:30:51,100.0
243,710,2,2,2,2025-02-10 12:20:34,2025-02-28 15:33:32,100.0
243,711,203,0,72,2024-11-15 13:17:00,2025-04-14 09:26:16,0.0
243,712,4,4,3,2024-11-29 10:37:13,2025-03-11 15:08:31,100.0
244,713,1,1,1,2025-02-13 09:27:56,2025-02-13 09:27:56,100.0
244,714,2,2,2,2024-11-19 14:04:39,2025-03-11 15:06:31,100.0
244,715,116,0,56,2024-11-15 13:06:25,2025-04-11 09:16:56,0.0
246,719,1,1,1,2024-11-28 12:27:27,2024-11-28 12:27:27,100.0
246,720,13,13,9,2024-12-12 10:47:52,2025-04-08 10:47:46,100.0
246,721,91,0,39,2024-11-18 16:02:59,2025-04-11 14:40:41,0.0
246,722,1,1,1,2024-12-17 12:45:34,2024-12-17 12:45:34,100.0
247,723,318,0,81,2024-11-18 09:46:52,2025-10-27 15:31:03,0.0
247,724,8,8,6,2024-11-22 11:58:48,2025-09-02 12:37:25,100.0
248,725,128,0,56,2024-12-05 09:32:54,2025-04-11 14:18:42,0.0
249,727,220,0,68,2024-12-09 09:33:25,2025-10-24 10:22:32,0.0
251,731,9,9,9,2025-05-13 09:55:54,2025-10-27 15:46:35,100.0
251,732,16,16,11,2025-05-12 14:36:06,2025-10-15 11:34:01,100.0
251,733,218,0,75,2025-05-12 14:18:18,2025-10-27 14:58:39,0.0
252,734,7,7,4,2025-05-13 09:38:27,2025-10-28 09:18:53,100.0
252,735,239,0,77,2025-05-12 14:36:14,2025-10-28 12:01:26,0.0
252,736,13,13,9,2025-05-12 15:22:11,2025-09-05 14:36:58,100.0
253,737,20,20,19,2025-05-13 10:16:26,2025-10-13 12:38:06,100.0
253,738,16,16,11,2025-05-13 12:43:21,2025-10-22 11:39:58,100.0
253,743,225,0,70,2025-05-13 10:27:37,2025-10-28 11:07:42,0.0
254,740,10,10,6,2025-05-13 14:16:06,2025-10-15 15:08:13,100.0
254,741,9,9,9,2025-05-13 13:52:22,2025-10-17 09:02:56,100.0
254,742,245,0,79,2025-05-13 10:49:26,2025-10-28 13:07:04,0.0
255,744,22,22,18,2025-05-13 13:13:21,2025-10-10 12:18:08,100.0
255,745,2,2,2,2025-05-13 11:54:32,2025-07-31 10:07:43,100.0
255,746,2,2,2,2025-08-18 15:15:09,2025-08-20 15:45:38,100.0
255,747,230,0,75,2025-05-13 11:54:48,2025-10-28 10:18:47,0.0
256,748,4,4,4,2025-05-14 13:15:44,2025-08-05 10:18:16,100.0
256,749,32,32,22,2025-05-14 10:43:30,2025-10-20 13:48:22,100.0
256,750,228,0,77,2025-05-13 15:41:23,2025-10-27 11:08:30,0.0
257,751,37,37,28,2025-05-13 15:52:34,2025-08-04 14:45:45,100.0
257,752,119,0,60,2025-05-14 09:15:23,2025-08-08 14:02:45,0.0
257,753,3,3,3,2025-05-26 10:54:51,2025-08-05 14:33:42,100.0
258,754,17,17,13,2025-05-14 09:24:55,2025-07-24 10:46:30,100.0
258,755,32,32,23,2025-05-13 15:50:50,2025-08-07 12:49:29,100.0
258,756,130,0,63,2025-05-14 09:07:23,2025-08-08 12:45:01,0.0
259,757,129,0,52,2025-05-15 15:53:16,2025-10-28 10:42:44,0.0
259,758,52,52,28,2025-05-16 09:12:33,2025-10-22 09:39:33,100.0
259,759,13,13,10,2025-05-16 10:11:21,2025-10-16 10:24:30,100.0
259,760,14,14,11,2025-05-16 09:38:15,2025-10-22 09:01:01,100.0
260,761,19,19,15,2025-05-16 09:00:50,2025-10-24 15:58:52,100.0
260,762,12,12,12,2025-05-16 10:31:42,2025-10-24 13:52:44,100.0
260,763,185,0,66,2025-05-16 09:25:19,2025-10-27 09:07:50,0.0
260,764,8,8,8,2025-05-16 09:08:54,2025-08-28 14:51:44,100.0
261,765,62,62,37,2025-05-16 10:50:54,2025-10-22 11:38:38,100.0
261,766,16,16,14,2025-06-10 13:00:28,2025-10-28 09:29:59,100.0
261,767,132,0,56,2025-05-16 11:24:49,2025-10-28 11:08:11,0.0
261,768,4,4,4,2025-05-22 13:41:36,2025-07-16 15:26:22,100.0
262,769,5,5,3,2025-05-19 10:18:44,2025-10-13 11:07:29,100.0
262,770,11,11,10,2025-05-22 11:20:32,2025-09-18 12:04:40,100.0
262,771,175,0,68,2025-05-16 14:27:02,2025-10-27 09:17:07,0.0
262,772,7,7,7,2025-05-20 11:45:51,2025-10-07 14:14:31,100.0
264,776,6,6,5,2025-06-10 11:22:56,2025-09-16 12:56:49,100.0
264,777,17,17,10,2025-06-06 10:29:35,2025-10-28 13:33:34,100.0
264,778,85,0,38,2025-06-09 16:03:56,2025-10-27 11:25:28,0.0
265,779,16,16,14,2025-06-11 13:00:58,2025-10-28 09:47:32,100.0
265,780,18,18,17,2025-06-06 10:13:11,2025-10-13 11:00:17,100.0
265,781,73,0,31,2025-06-10 10:51:09,2025-10-28 12:43:26,0.0
274,812,5,5,4,2025-09-11 12:38:12,2026-05-12 11:10:16,100.0
274,813,210,0,75,2025-09-03 13:59:59,2026-05-27 11:24:49,0.0
274,814,2,2,2,2025-10-08 15:52:30,2026-04-02 10:27:36,100.0
275,815,1,1,1,2026-05-04 10:32:11,2026-05-04 10:32:11,100.0
275,816,234,0,79,2025-09-03 11:50:43,2026-05-27 12:10:48,0.0
276,818,3,3,3,2026-05-07 09:56:57,2026-05-21 09:29:07,100.0
276,819,215,0,79,2025-09-03 11:38:38,2026-05-26 14:53:09,0.0
276,820,1,1,1,2025-10-15 13:07:41,2025-10-15 13:07:41,100.0
277,821,221,0,79,2025-09-03 11:15:10,2026-05-27 11:50:55,0.0
277,822,11,11,9,2025-09-25 09:42:52,2026-05-25 14:21:10,100.0
278,824,2,2,2,2025-09-03 10:51:14,2025-09-12 10:52:42,100.0
278,825,7,7,6,2025-09-24 09:17:41,2026-05-12 09:36:35,100.0
278,826,226,0,77,2025-09-04 13:44:24,2026-05-27 10:26:20,0.0
279,827,7,7,6,2025-10-06 12:10:24,2026-05-25 11:00:14,100.0
279,828,8,8,7,2025-09-12 11:04:43,2026-05-20 12:19:57,100.0
279,829,220,0,78,2025-09-04 09:26:35,2026-05-27 12:29:47,0.0
280,830,5,5,4,2025-09-03 15:20:55,2026-05-21 10:09:19,100.0
280,831,214,0,76,2025-09-04 10:16:02,2026-05-26 10:55:36,0.0
281,833,1,1,1,2026-05-06 10:02:12,2026-05-06 10:02:12,100.0
281,834,1,1,1,2026-05-12 11:39:08,2026-05-12 11:39:08,100.0
281,835,202,0,78,2025-09-03 11:32:02,2026-05-27 09:44:45,0.0
282,836,6,6,6,2025-09-26 10:29:53,2026-05-27 09:34:52,100.0
282,837,20,20,15,2025-09-11 10:11:46,2026-05-25 14:26:15,100.0
282,838,181,0,73,2025-09-03 10:48:48,2026-05-27 11:58:17,0.0
283,839,220,0,78,2025-09-03 12:15:46,2026-05-27 12:31:06,0.0
283,840,4,4,4,2025-10-16 14:42:43,2026-05-25 10:43:30,100.0
283,841,2,2,2,2026-04-09 15:20:18,2026-05-27 09:14:18,100.0
284,842,1,1,1,2026-05-05 12:00:59,2026-05-05 12:00:59,100.0
284,843,218,0,78,2025-09-03 15:24:52,2026-05-27 10:56:23,0.0
287,852,22,22,18,2025-10-01 09:53:26,2026-05-22 15:30:19,100.0
287,853,34,34,25,2025-10-01 13:43:50,2026-05-27 11:43:05,100.0
287,854,162,0,71,2025-09-29 13:53:26,2026-05-27 09:35:38,0.0
288,855,233,0,96,2026-03-31 10:58:15,2026-05-27 09:46:06,0.0
288,856,5,5,4,2026-04-17 13:55:22,2026-05-25 13:32:38,100.0
288,858,2,2,1,2026-05-11 11:17:42,2026-05-26 12:47:22,100.0
289,859,10,10,8,2026-04-03 10:04:08,2026-05-21 14:34:12,100.0
289,860,6,6,4,2026-04-08 15:23:59,2026-05-25 11:23:49,100.0
289,861,4,4,4,2026-04-23 11:51:07,2026-05-26 11:30:40,100.0
289,862,218,0,88,2026-03-31 10:28:54,2026-05-27 09:42:28,0.0
290,863,14,14,11,2026-04-01 14:12:13,2026-05-27 09:21:07,100.0
290,864,13,13,9,2026-03-31 10:57:39,2026-05-27 10:23:20,100.0
290,865,13,13,11,2026-04-01 09:09:27,2026-05-22 10:10:54,100.0
290,866,210,0,83,2026-03-31 10:54:25,2026-05-27 11:32:02,0.0
291,867,2,2,2,2026-05-06 09:09:42,2026-05-06 12:47:34,100.0
291,868,236,0,94,2026-03-31 11:38:12,2026-05-27 11:42:52,0.0
291,869,1,1,1,2026-05-20 10:44:38,2026-05-20 10:44:38,100.0
292,871,2,2,2,2026-04-24 12:25:06,2026-05-12 10:12:46,100.0
292,872,13,13,12,2026-03-31 14:53:54,2026-05-26 13:59:29,100.0
292,873,229,0,89,2026-03-31 10:29:13,2026-05-27 10:25:02,0.0
292,874,2,2,2,2026-04-02 14:47:57,2026-05-05 10:25:16,100.0
293,875,239,0,90,2026-03-31 10:33:50,2026-05-27 11:55:21,0.0
293,876,2,2,2,2026-05-20 10:52:36,2026-05-21 15:48:00,100.0
293,877,2,2,2,2026-05-05 15:22:16,2026-05-14 09:31:10,100.0
293,878,2,2,2,2026-04-20 10:43:02,2026-05-26 15:09:18,100.0
294,879,10,10,8,2026-04-07 13:29:13,2026-05-18 11:26:36,100.0
294,881,259,0,96,2026-03-31 10:31:29,2026-05-27 11:11:09,0.0
294,882,1,1,1,2026-04-22 09:31:27,2026-04-22 09:31:27,100.0
295,883,20,20,16,2026-04-09 09:17:57,2026-05-19 10:54:49,100.0
295,884,196,0,83,2026-03-31 10:39:14,2026-05-26 14:22:53,0.0
295,885,13,13,10,2026-04-09 10:33:14,2026-05-21 11:17:43,100.0
295,886,1,1,1,2026-05-20 13:39:32,2026-05-20 13:39:32,100.0
296,887,5,5,5,2026-04-21 10:41:41,2026-05-19 14:12:57,100.0
296,888,8,8,8,2026-03-31 14:05:06,2026-05-22 15:10:20,100.0
296,889,228,0,92,2026-03-31 10:43:59,2026-05-26 15:39:10,0.0
296,890,14,14,12,2026-04-02 15:49:04,2026-05-26 12:53:49,100.0
297,891,5,5,4,2026-03-31 12:08:51,2026-05-12 10:56:15,100.0
297,892,242,0,91,2026-03-31 10:30:04,2026-05-27 11:59:13,0.0
297,893,5,5,5,2026-04-16 09:38:14,2026-05-11 13:51:40,100.0
297,894,1,1,1,2026-05-07 09:24:56,2026-05-07 09:24:56,100.0
298,895,232,0,93,2026-03-31 10:25:27,2026-05-27 11:49:42,0.0
298,896,10,10,8,2026-04-01 15:06:16,2026-05-25 11:08:11,100.0
298,897,2,2,2,2026-04-20 11:42:35,2026-04-29 11:32:32,100.0
298,898,2,2,2,2026-04-14 12:39:42,2026-05-26 12:04:47,100.0
299,899,185,0,83,2026-03-31 10:31:50,2026-05-27 10:45:04,0.0
299,900,25,25,18,2026-04-02 12:27:27,2026-06-08 14:39:42,100.0
299,901,14,14,12,2026-03-31 10:30:27,2026-05-14 14:53:41,100.0
299,902,5,5,4,2026-04-09 11:22:57,2026-05-26 14:35:57,100.0
300,903,5,5,5,2026-04-07 11:48:30,2026-05-18 11:01:16,100.0
300,904,24,24,18,2026-03-31 10:25:22,2026-05-25 15:29:54,100.0
300,905,197,0,83,2026-03-31 11:49:50,2026-05-27 12:11:01,0.0
300,906,17,17,14,2026-04-02 11:35:38,2026-05-27 10:14:29,100.0
301,907,1,1,1,2026-05-21 13:42:50,2026-05-21 13:42:50,100.0
301,908,1,1,1,2026-05-25 14:11:06,2026-05-25 14:11:06,100.0
301,909,243,0,93,2026-03-31 11:46:15,2026-05-27 12:32:23,0.0
301,910,1,1,1,2026-04-01 10:36:24,2026-04-01 10:36:24,100.0
302,911,206,0,87,2026-03-31 10:54:25,2026-05-27 11:57:46,0.0
302,912,12,12,9,2026-04-09 10:32:24,2026-05-25 14:52:21,100.0
302,913,4,4,4,2026-04-14 12:01:18,2026-05-25 14:55:20,100.0
302,914,7,7,7,2026-04-01 15:11:53,2026-05-21 15:35:46,100.0
303,915,5,5,4,2026-04-01 09:19:57,2026-05-25 11:43:50,100.0
303,916,254,0,95,2026-03-31 11:21:28,2026-05-27 10:37:01,0.0
303,917,1,1,1,2026-04-02 15:58:06,2026-04-02 15:58:06,100.0
304,919,4,4,3,2026-04-21 14:21:26,2026-05-21 12:34:38,100.0
304,920,240,0,94,2026-03-31 10:53:40,2026-05-27 10:35:36,0.0
305,922,15,15,13,2026-03-31 14:25:33,2026-05-25 11:02:51,100.0
305,923,163,0,73,2026-03-31 10:55:21,2026-05-27 11:45:00,0.0
305,924,33,33,25,2026-04-01 11:54:26,2026-05-25 12:14:42,100.0
305,925,37,37,27,2026-03-31 13:01:38,2026-05-26 12:09:42,100.0
306,926,1,1,1,2026-05-06 09:26:27,2026-05-06 09:26:27,100.0
306,927,240,0,91,2026-03-31 11:13:14,2026-05-27 10:08:08,0.0
306,928,4,4,3,2026-04-09 09:30:03,2026-04-29 14:26:40,100.0
307,929,18,18,12,2026-03-31 11:37:39,2026-05-18 14:37:22,100.0
307,930,7,7,7,2026-04-09 09:17:28,2026-05-11 13:54:18,100.0
307,931,231,0,89,2026-03-31 12:02:18,2026-05-27 11:51:46,0.0
308,932,6,6,3,2026-04-07 14:38:46,2026-05-26 14:26:11,100.0
308,933,11,11,8,2026-04-03 13:41:41,2026-05-19 09:40:28,100.0
308,934,221,0,85,2026-03-31 11:01:12,2026-05-27 11:24:26,0.0
