etap,n,bledy,uzytkownicy,od,do,bledy_proc
1,9625,1661,149,2023-04-25 07:52:04,2026-05-05 09:21:54,17.26
10+,1531,125,57,2023-12-05 12:01:34,2026-05-27 11:51:57,8.16
2,9625,1349,149,2023-04-25 08:39:06,2026-05-15 15:01:24,14.02
3,9625,1211,149,2023-04-25 09:22:47,2026-05-27 12:32:23,12.58
4,7163,828,141,2023-04-28 15:26:18,2026-05-27 11:59:13,11.56
5,5205,567,129,2023-05-18 10:38:22,2026-05-27 12:31:06,10.89
6,3702,388,106,2023-05-31 12:01:54,2026-05-27 12:11:53,10.48
7,2642,267,90,2023-06-22 13:04:43,2026-05-27 11:31:54,10.11
8,1845,189,81,2023-07-05 09:22:07,2026-05-27 12:08:43,10.24
9,1186,106,70,2023-10-26 11:47:11,2026-05-26 14:34:39,8.94
