question_id,czesc,n,bledy,uzytkownicy,od,do,bledy_proc
35,1,42,20,33,2023-04-25 09:03:53,2023-05-24 14:19:31,47.62
35,2,42,10,28,2023-05-24 14:48:12,2023-10-26 11:15:44,23.81
35,3,41,16,34,2023-10-26 13:36:25,2024-04-03 14:05:15,39.02
35,4,42,22,36,2024-04-04 09:22:04,2024-10-03 14:47:08,52.38
35,5,41,11,33,2024-10-07 10:37:18,2024-12-11 12:46:52,26.83
35,6,42,15,33,2024-12-12 10:29:05,2025-02-04 10:41:45,35.71
35,7,42,17,33,2025-02-04 11:37:41,2025-03-21 09:09:01,40.48
35,8,41,16,35,2025-03-21 11:01:39,2025-07-22 15:12:19,39.02
35,9,42,16,31,2025-07-23 10:36:13,2025-09-16 10:33:54,38.1
35,10,41,16,32,2025-09-16 12:03:35,2025-10-28 10:18:40,39.02
36,1,44,6,30,2023-04-25 10:08:26,2023-05-23 15:22:33,13.64
36,2,43,4,28,2023-05-24 09:28:08,2023-10-27 12:45:46,9.3
36,3,43,7,38,2023-10-30 12:05:45,2024-04-15 15:12:24,16.28
36,4,43,10,31,2024-04-16 10:11:20,2024-10-08 09:58:30,23.26
36,5,43,3,35,2024-10-08 10:21:32,2024-12-18 09:59:13,6.98
36,6,44,4,30,2024-12-18 13:52:47,2025-02-24 13:03:29,9.09
36,7,43,5,36,2025-02-24 13:05:57,2025-04-03 10:10:44,11.63
36,8,43,9,36,2025-04-03 12:50:46,2025-07-17 10:03:20,20.93
36,9,43,8,30,2025-07-17 10:59:26,2025-09-03 10:22:27,18.6
36,10,43,13,33,2025-09-03 10:52:57,2025-10-27 10:53:03,30.23
37,1,42,0,34,2023-04-25 09:22:00,2023-05-24 11:52:04,0.0
37,2,41,1,28,2023-05-24 12:20:36,2023-11-08 12:57:56,2.44
37,3,41,1,35,2023-11-09 12:41:56,2024-04-12 11:02:50,2.44
37,4,42,1,31,2024-04-15 09:05:18,2024-10-08 11:01:31,2.38
37,5,41,1,32,2024-10-08 12:44:25,2024-12-19 13:46:38,2.44
37,6,41,2,32,2024-12-19 15:02:32,2025-02-14 09:50:38,4.88
37,7,42,2,33,2025-02-14 11:46:24,2025-04-02 13:35:36,4.76
37,8,41,0,33,2025-04-08 09:18:10,2025-07-18 13:10:44,0.0
37,9,41,0,32,2025-07-18 13:41:14,2025-09-11 09:02:49,0.0
37,10,41,3,34,2025-09-11 15:13:54,2025-10-27 12:38:05,7.32
44,1,70,10,40,2023-04-25 08:32:51,2023-06-07 12:40:54,14.29
44,2,70,14,48,2023-06-09 09:59:00,2023-12-06 11:14:46,20.0
44,3,69,8,63,2023-12-06 15:22:42,2024-02-13 10:40:33,11.59
44,4,70,3,54,2024-02-13 11:03:51,2024-03-19 12:14:59,4.29
44,5,69,10,52,2024-03-19 12:43:43,2024-05-20 14:44:22,14.49
44,6,70,9,49,2024-05-20 15:21:15,2025-01-10 09:17:31,12.86
44,7,70,7,49,2025-01-10 10:45:25,2025-03-05 10:19:37,10.0
44,8,69,9,49,2025-03-05 10:35:35,2025-07-02 11:41:48,13.04
44,9,70,15,49,2025-07-02 12:48:58,2025-08-28 09:56:03,21.43
44,10,69,8,44,2025-08-29 11:45:49,2025-10-28 09:05:28,11.59
45,1,67,10,40,2023-04-25 08:34:03,2023-05-29 14:52:23,14.93
45,2,67,11,47,2023-05-30 13:53:45,2023-12-11 10:24:29,16.42
45,3,67,12,60,2023-12-11 11:39:45,2024-02-13 09:48:19,17.91
45,4,67,5,52,2024-02-13 10:02:13,2024-03-21 12:31:42,7.46
45,5,67,4,51,2024-03-21 12:32:39,2024-11-20 09:29:42,5.97
45,6,67,14,50,2024-11-20 10:26:42,2025-01-15 10:03:56,20.9
45,7,67,4,50,2025-01-15 13:01:06,2025-03-10 14:39:02,5.97
45,8,67,2,45,2025-03-10 16:19:13,2025-07-04 10:55:29,2.99
45,9,67,11,48,2025-07-04 10:56:48,2025-08-26 13:18:42,16.42
45,10,67,6,47,2025-08-27 14:08:23,2025-10-27 10:51:05,8.96
46,1,69,3,35,2023-04-25 08:54:44,2023-06-12 09:59:34,4.35
46,2,68,1,47,2023-06-12 11:18:33,2024-02-06 13:41:25,1.47
46,3,68,2,68,2024-02-06 14:06:47,2024-02-14 11:18:58,2.94
46,4,68,2,53,2024-02-14 12:54:35,2024-03-25 12:53:17,2.94
46,5,68,2,53,2024-03-25 13:54:46,2024-11-22 13:29:37,2.94
46,6,68,3,44,2024-11-26 11:12:56,2025-01-17 09:48:53,4.41
46,7,68,2,51,2025-01-21 11:40:56,2025-03-06 11:26:21,2.94
46,8,68,1,51,2025-03-06 12:08:24,2025-07-02 15:47:16,1.47
46,9,68,1,46,2025-07-03 09:58:03,2025-08-28 09:22:05,1.47
46,10,68,3,47,2025-08-28 13:10:38,2025-10-28 10:11:15,4.41
47,1,67,19,40,2023-04-25 07:52:04,2023-05-30 10:37:55,28.36
47,2,67,16,43,2023-05-30 13:04:00,2023-11-30 12:24:49,23.88
47,3,67,14,58,2023-11-30 14:04:40,2024-02-12 13:47:51,20.9
47,4,66,10,51,2024-02-12 14:29:47,2024-03-14 15:06:05,15.15
47,5,67,8,50,2024-03-15 13:16:45,2024-05-21 09:33:36,11.94
47,6,67,10,48,2024-05-21 10:06:24,2025-01-09 14:21:05,14.93
47,7,66,15,45,2025-01-10 11:09:12,2025-03-05 09:24:12,22.73
47,8,67,10,45,2025-03-05 10:34:48,2025-07-14 11:03:14,14.93
47,9,67,10,47,2025-07-14 11:54:43,2025-09-02 13:41:42,14.93
47,10,66,6,47,2025-09-03 11:30:19,2025-10-27 15:25:05,9.09
48,1,33,5,16,2023-04-28 11:12:27,2023-06-30 09:10:23,15.15
48,2,33,3,23,2023-06-30 09:53:32,2024-02-20 09:14:17,9.09
48,3,33,5,27,2024-02-20 10:07:09,2024-04-16 11:40:59,15.15
48,4,32,8,24,2024-04-17 12:58:37,2024-12-30 14:35:29,25.0
48,5,33,1,26,2025-01-02 14:16:26,2025-02-13 09:49:17,3.03
48,6,33,7,24,2025-02-17 11:01:00,2025-03-21 12:04:55,21.21
48,7,32,7,23,2025-03-24 15:18:14,2025-06-10 14:28:19,21.88
48,8,33,4,25,2025-06-10 14:43:26,2025-07-24 09:58:01,12.12
48,9,33,8,22,2025-07-28 15:01:23,2025-09-16 11:49:03,24.24
48,10,32,8,22,2025-09-16 15:20:43,2025-10-28 09:17:40,25.0
49,1,33,4,15,2023-04-25 09:21:05,2023-08-10 10:49:17,12.12
49,2,32,2,21,2023-08-10 12:31:13,2023-12-06 10:07:24,6.25
49,3,32,4,25,2023-12-06 15:32:00,2024-04-04 10:26:25,12.5
49,4,32,3,26,2024-04-05 09:14:36,2025-01-08 10:58:46,9.38
49,5,32,4,28,2025-01-09 15:21:32,2025-02-13 10:15:11,12.5
49,6,33,1,25,2025-02-14 12:53:12,2025-04-01 11:37:12,3.03
49,7,32,2,24,2025-04-03 12:34:44,2025-06-12 09:38:18,6.25
49,8,32,3,25,2025-06-12 11:57:18,2025-07-22 11:23:45,9.38
49,9,32,2,24,2025-07-24 15:00:27,2025-09-11 13:45:36,6.25
49,10,32,8,25,2025-09-12 10:29:45,2025-10-28 11:12:21,25.0
51,1,68,18,42,2023-04-24 10:31:02,2023-06-06 11:04:37,26.47
51,2,67,9,43,2023-06-06 11:36:44,2023-12-06 10:47:05,13.43
51,3,67,7,63,2023-12-07 12:09:52,2024-02-13 10:05:37,10.45
51,4,67,3,52,2024-02-13 10:23:28,2024-03-19 11:38:14,4.48
51,5,67,3,56,2024-03-19 13:30:12,2024-05-20 14:53:29,4.48
51,6,67,10,54,2024-05-21 10:31:58,2025-01-10 09:42:24,14.93
51,7,67,5,50,2025-01-13 09:34:41,2025-02-24 15:35:34,7.46
51,8,67,12,45,2025-02-26 10:31:40,2025-06-18 15:47:37,17.91
51,9,67,14,45,2025-06-20 11:35:48,2025-08-14 11:51:24,20.9
51,10,67,10,49,2025-08-14 14:18:56,2025-10-27 10:27:04,14.93
52,1,71,18,43,2023-04-25 08:28:09,2023-06-13 12:26:35,25.35
52,2,71,17,50,2023-06-14 12:22:51,2024-01-08 15:24:08,23.94
52,3,70,5,70,2024-02-06 13:04:53,2024-02-13 14:03:41,7.14
52,4,71,13,57,2024-02-14 09:33:42,2024-03-20 10:16:24,18.31
52,5,70,4,52,2024-03-21 09:58:38,2024-05-21 13:03:45,5.71
52,6,71,9,48,2024-05-21 13:21:01,2025-01-07 10:03:17,12.68
52,7,71,14,52,2025-01-07 13:27:43,2025-03-05 15:25:19,19.72
52,8,70,7,50,2025-03-07 09:51:25,2025-07-02 09:44:04,10.0
52,9,71,8,48,2025-07-02 12:31:21,2025-08-29 14:03:22,11.27
52,10,70,5,52,2025-08-29 15:45:39,2025-10-27 12:02:47,7.14
54,1,68,0,40,2023-04-25 09:14:13,2023-06-14 13:05:49,0.0
54,2,67,2,47,2023-06-14 15:59:48,2023-12-08 12:16:01,2.99
54,3,67,1,65,2023-12-11 12:05:42,2024-02-12 15:24:20,1.49
54,4,68,0,55,2024-02-13 09:18:28,2024-03-19 11:03:21,0.0
54,5,67,1,50,2024-03-19 11:42:06,2024-11-18 13:50:49,1.49
54,6,67,0,44,2024-11-19 10:03:40,2025-01-22 14:38:38,0.0
54,7,68,2,50,2025-01-23 09:53:37,2025-03-10 13:40:00,2.94
54,8,67,2,50,2025-03-10 14:37:00,2025-07-07 10:02:23,2.99
54,9,67,6,46,2025-07-07 10:49:59,2025-08-29 12:42:36,8.96
54,10,67,3,46,2025-09-01 14:27:13,2025-10-28 10:15:08,4.48
62,1,24,14,15,2023-04-28 15:22:48,2023-06-20 11:08:07,58.33
62,2,23,6,15,2023-06-22 09:57:26,2023-11-23 10:48:21,26.09
62,3,24,6,20,2023-11-23 11:18:24,2024-02-23 11:33:41,25.0
62,4,23,7,21,2024-03-05 13:29:36,2024-11-26 11:25:12,30.43
62,5,24,10,22,2024-11-27 09:20:35,2024-12-19 11:34:44,41.67
62,6,23,10,20,2024-12-19 14:36:28,2025-01-17 10:27:53,43.48
62,7,24,6,21,2025-01-21 10:34:28,2025-02-12 15:08:06,25.0
62,8,23,4,21,2025-02-13 10:11:32,2025-03-12 12:11:50,17.39
62,9,24,7,21,2025-03-13 12:37:51,2025-04-09 10:18:40,29.17
62,10,23,3,20,2025-04-09 11:12:25,2025-06-11 12:26:48,13.04
65,1,44,2,32,2023-04-25 08:45:19,2023-05-24 09:37:08,4.55
65,2,43,4,28,2023-05-24 10:30:03,2023-06-29 12:27:02,9.3
65,3,43,5,34,2023-06-30 09:44:39,2024-03-29 15:27:46,11.63
65,4,43,4,35,2024-04-02 13:20:33,2024-10-02 11:42:40,9.3
65,5,43,3,33,2024-10-03 10:00:43,2024-12-09 10:35:11,6.98
65,6,43,5,34,2024-12-09 11:36:08,2025-01-24 11:15:00,11.63
65,7,43,7,31,2025-01-28 14:32:10,2025-03-20 10:02:15,16.28
65,8,43,5,34,2025-03-20 10:16:11,2025-07-09 12:27:10,11.63
65,9,43,7,37,2025-07-09 14:21:36,2025-08-26 14:23:21,16.28
65,10,43,4,29,2025-08-28 15:50:27,2025-10-27 15:57:32,9.3
66,1,29,13,20,2023-04-25 08:54:27,2023-05-15 14:01:43,44.83
66,2,28,14,23,2023-05-16 09:34:06,2023-06-12 09:33:13,50.0
66,3,29,16,24,2023-06-12 11:41:44,2023-11-23 10:12:34,55.17
66,4,28,16,25,2023-11-24 13:13:56,2024-04-04 10:18:34,57.14
66,5,29,19,27,2024-04-08 14:53:58,2024-09-27 10:15:40,65.52
66,6,28,17,24,2024-09-27 11:07:50,2024-10-10 10:25:26,60.71
66,7,29,16,23,2024-10-10 11:01:27,2024-12-18 15:03:06,55.17
66,8,28,17,25,2024-12-20 09:02:16,2025-01-29 13:09:14,60.71
66,9,29,20,23,2025-01-31 15:09:11,2025-03-11 10:22:01,68.97
66,10,28,18,23,2025-03-11 11:23:27,2025-04-14 09:36:43,64.29
67,1,40,18,30,2023-04-25 08:28:03,2023-05-23 10:47:23,45.0
67,2,39,18,28,2023-05-23 14:50:00,2023-07-04 09:05:32,46.15
67,3,39,13,29,2023-07-04 11:13:23,2024-04-17 10:39:17,33.33
67,4,39,14,27,2024-09-20 11:03:36,2024-10-07 14:12:04,35.9
67,5,39,11,34,2024-10-07 14:12:34,2024-12-16 13:52:01,28.21
67,6,40,16,26,2024-12-17 11:45:45,2025-02-03 12:51:38,40.0
67,7,39,15,31,2025-02-10 11:46:53,2025-03-24 13:49:20,38.46
67,8,39,14,32,2025-03-25 10:44:05,2025-07-14 09:13:35,35.9
67,9,39,15,29,2025-07-14 14:13:47,2025-08-27 14:28:19,38.46
67,10,39,19,29,2025-08-29 09:13:43,2025-10-28 10:31:34,48.72
68,1,42,0,29,2023-04-25 08:55:22,2023-05-22 16:05:23,0.0
68,2,42,0,28,2023-05-23 13:29:47,2023-06-27 11:00:55,0.0
68,3,42,2,34,2023-06-27 11:03:31,2024-03-28 15:18:32,4.76
68,4,42,0,33,2024-03-29 12:15:24,2024-09-30 11:24:00,0.0
68,5,42,3,33,2024-09-30 14:03:12,2024-12-09 12:16:22,7.14
68,6,42,3,33,2024-12-10 11:13:21,2025-02-03 09:39:32,7.14
68,7,42,1,31,2025-02-03 10:34:17,2025-03-24 13:48:08,2.38
68,8,42,3,34,2025-03-25 09:04:07,2025-07-09 13:30:07,7.14
68,9,42,3,34,2025-07-10 12:40:37,2025-09-01 13:20:12,7.14
68,10,42,1,34,2025-09-02 10:31:26,2025-10-27 10:33:01,2.38
69,1,42,7,29,2023-04-25 08:26:22,2023-05-19 11:54:21,16.67
69,2,42,7,27,2023-05-19 14:05:58,2023-10-25 11:16:48,16.67
69,3,42,9,35,2023-10-25 11:46:01,2024-04-10 11:07:27,21.43
69,4,41,12,33,2024-04-10 11:11:20,2024-10-03 09:48:08,29.27
69,5,42,8,32,2024-10-03 10:04:04,2024-12-18 13:07:04,19.05
69,6,42,12,33,2024-12-18 15:26:23,2025-02-12 13:03:54,28.57
69,7,41,4,30,2025-02-12 14:58:34,2025-03-27 13:51:11,9.76
69,8,42,3,35,2025-03-31 11:00:48,2025-07-14 12:33:20,7.14
69,9,42,4,29,2025-07-15 12:28:52,2025-08-28 16:07:20,9.52
69,10,41,7,33,2025-09-01 12:01:38,2025-10-27 11:09:43,17.07
70,1,43,7,29,2023-04-25 08:33:46,2023-05-19 15:26:39,16.28
70,2,43,5,29,2023-05-22 11:23:49,2023-06-29 09:20:41,11.63
70,3,42,6,36,2023-06-29 10:24:04,2024-04-03 11:08:51,14.29
70,4,43,7,35,2024-04-04 12:55:41,2024-10-02 12:36:14,16.28
70,5,42,5,31,2024-10-02 13:01:00,2024-12-10 10:44:54,11.9
70,6,43,2,28,2024-12-10 11:29:07,2025-01-31 10:08:34,4.65
70,7,43,8,34,2025-02-03 09:13:31,2025-03-17 09:28:32,18.6
70,8,42,10,33,2025-03-17 09:39:07,2025-06-27 10:04:00,23.81
70,9,43,12,28,2025-07-02 12:39:39,2025-09-01 12:42:44,27.91
70,10,42,14,34,2025-09-01 13:56:56,2025-10-28 13:01:05,33.33
71,1,44,22,33,2023-04-25 08:22:57,2023-05-24 15:19:04,50.0
71,2,43,7,27,2023-05-25 09:22:31,2023-06-29 15:54:11,16.28
71,3,43,12,36,2023-06-30 10:17:53,2024-04-10 10:30:46,27.91
71,4,43,17,33,2024-04-10 10:55:51,2024-10-03 15:10:57,39.53
71,5,43,14,35,2024-10-04 10:00:32,2024-12-10 12:25:29,32.56
71,6,43,11,28,2024-12-11 12:31:39,2025-02-03 11:19:44,25.58
71,7,43,11,33,2025-02-05 09:24:24,2025-03-25 12:07:58,25.58
71,8,43,10,35,2025-03-25 12:13:07,2025-07-28 13:19:35,23.26
71,9,43,16,34,2025-07-29 13:41:50,2025-09-09 11:45:17,37.21
71,10,43,17,32,2025-09-09 11:53:06,2025-10-27 14:21:45,39.53
73,1,32,10,14,2023-04-28 15:16:50,2023-08-11 13:29:26,31.25
73,2,32,10,25,2023-08-14 10:12:14,2024-02-22 15:10:08,31.25
73,3,32,11,27,2024-02-26 09:28:46,2024-04-17 11:47:07,34.38
73,4,32,13,27,2024-04-18 09:54:30,2024-12-30 11:43:56,40.62
73,5,31,11,26,2025-01-03 10:14:56,2025-02-06 10:56:16,35.48
73,6,32,15,27,2025-02-06 13:07:05,2025-03-25 11:04:25,46.88
73,7,32,20,22,2025-03-25 11:47:04,2025-06-24 10:23:10,62.5
73,8,32,17,22,2025-06-27 10:28:50,2025-08-05 14:12:09,53.12
73,9,32,16,22,2025-08-06 10:07:31,2025-09-19 11:58:14,50.0
73,10,31,16,22,2025-09-23 11:10:18,2025-10-24 14:43:54,51.61
74,1,33,0,16,2023-04-25 09:01:32,2023-08-14 12:14:18,0.0
74,2,32,1,26,2023-08-14 13:41:20,2023-12-13 11:21:36,3.12
74,3,33,1,31,2023-12-13 13:17:59,2024-04-10 10:03:27,3.03
74,4,32,1,26,2024-04-10 12:21:35,2024-12-13 09:04:33,3.12
74,5,33,0,24,2024-12-13 10:25:14,2025-01-24 12:53:36,0.0
74,6,32,2,25,2025-01-24 15:09:32,2025-03-03 09:45:25,6.25
74,7,33,1,27,2025-03-03 10:29:42,2025-05-27 12:05:41,3.03
74,8,32,0,22,2025-05-28 10:11:01,2025-07-11 11:07:08,0.0
74,9,33,2,24,2025-07-14 10:04:04,2025-08-29 13:55:01,6.06
74,10,32,2,24,2025-09-02 11:55:40,2025-10-27 10:12:33,6.25
75,1,32,6,15,2023-04-25 08:34:16,2023-10-26 14:32:51,18.75
75,2,31,13,27,2023-10-30 10:35:28,2024-02-22 12:05:40,41.94
75,3,32,9,26,2024-02-26 10:09:03,2024-11-22 10:05:33,28.12
75,4,31,13,26,2024-11-22 13:29:33,2024-12-30 12:53:44,41.94
75,5,32,5,26,2025-01-02 10:44:09,2025-02-13 11:15:33,15.62
75,6,31,7,25,2025-02-13 13:08:32,2025-03-20 14:01:01,22.58
75,7,32,6,29,2025-03-21 13:52:41,2025-05-29 11:22:02,18.75
75,8,31,4,24,2025-05-30 10:54:03,2025-07-04 15:35:43,12.9
75,9,32,4,24,2025-07-10 15:18:27,2025-08-28 12:23:33,12.5
75,10,31,7,24,2025-08-28 12:31:19,2025-10-28 11:53:02,22.58
76,1,32,0,16,2023-04-28 11:26:44,2023-08-14 15:23:07,0.0
76,2,32,0,25,2023-08-14 16:06:06,2024-02-19 15:27:22,0.0
76,3,32,1,26,2024-02-20 11:48:43,2024-04-15 09:31:12,3.12
76,4,31,0,22,2024-04-15 12:20:20,2024-12-20 14:43:18,0.0
76,5,32,0,27,2024-12-23 11:32:30,2025-02-10 15:06:35,0.0
76,6,32,1,23,2025-02-11 13:27:34,2025-03-27 11:34:43,3.12
76,7,31,2,22,2025-03-27 14:23:12,2025-06-16 13:27:43,6.45
76,8,32,1,24,2025-06-17 11:53:30,2025-07-31 10:25:38,3.12
76,9,32,1,22,2025-07-31 10:37:59,2025-09-10 10:32:42,3.12
76,10,31,1,22,2025-09-11 15:32:33,2025-10-28 11:34:33,3.23
92,1,59,10,37,2023-04-25 08:17:37,2023-06-05 12:02:27,16.95
92,2,59,15,40,2023-06-07 09:37:06,2023-11-28 12:03:16,25.42
92,3,59,17,48,2023-11-28 15:55:20,2024-04-15 11:29:16,28.81
92,4,59,23,45,2024-04-16 11:27:33,2025-01-13 14:48:06,38.98
92,5,58,22,47,2025-01-14 09:20:38,2025-02-26 12:32:27,37.93
92,6,59,31,42,2025-02-26 13:17:36,2025-05-21 11:29:57,52.54
92,7,59,24,42,2025-05-21 12:05:25,2025-06-23 11:18:51,40.68
92,8,59,23,48,2025-06-23 12:43:16,2025-07-29 09:21:03,38.98
92,9,59,25,44,2025-07-29 14:49:59,2025-09-10 16:00:58,42.37
92,10,58,28,43,2025-09-11 10:04:38,2025-10-27 12:18:15,48.28
94,1,59,22,37,2023-04-25 08:54:33,2023-06-07 09:30:16,37.29
94,2,59,14,33,2023-06-07 09:39:13,2023-10-25 14:00:18,23.73
94,3,59,18,45,2023-10-26 11:14:44,2024-03-08 13:27:32,30.51
94,4,58,5,49,2024-03-11 09:22:54,2024-12-10 09:37:10,8.62
94,5,59,6,40,2024-12-10 13:06:45,2025-02-05 11:59:36,10.17
94,6,59,9,46,2025-02-05 12:10:46,2025-03-20 12:04:54,15.25
94,7,58,7,43,2025-03-24 09:47:23,2025-05-27 10:01:48,12.07
94,8,59,5,44,2025-05-27 14:47:38,2025-07-09 09:31:04,8.47
94,9,59,3,39,2025-07-09 11:13:59,2025-09-03 09:50:39,5.08
94,10,58,9,43,2025-09-03 09:56:02,2025-10-27 09:21:28,15.52
95,1,63,2,35,2023-04-25 08:55:26,2023-06-13 09:21:00,3.17
95,2,62,3,39,2023-06-13 12:45:55,2023-11-30 12:05:31,4.84
95,3,62,3,44,2023-11-30 15:13:14,2024-04-08 12:48:20,4.84
95,4,63,3,51,2024-04-08 13:09:37,2024-12-31 10:50:34,4.76
95,5,62,2,45,2024-12-31 12:36:27,2025-02-14 10:21:03,3.23
95,6,62,3,47,2025-02-14 13:38:52,2025-03-27 09:37:29,4.84
95,7,63,5,44,2025-03-27 11:45:01,2025-06-04 13:15:20,7.94
95,8,62,7,48,2025-06-04 13:53:16,2025-07-15 13:11:06,11.29
95,9,62,6,44,2025-07-15 13:31:58,2025-09-05 10:14:10,9.68
95,10,62,6,46,2025-09-05 10:47:46,2025-10-28 13:08:09,9.68
96,1,61,7,39,2023-04-28 11:04:06,2023-05-31 09:25:22,11.48
96,2,60,5,40,2023-05-31 12:49:24,2023-08-04 10:04:09,8.33
96,3,61,8,47,2023-08-07 09:49:18,2024-03-05 12:52:47,13.11
96,4,60,11,46,2024-03-06 10:45:35,2024-12-02 12:41:39,18.33
96,5,61,4,43,2024-12-03 09:52:00,2025-01-21 14:00:04,6.56
96,6,60,5,42,2025-01-22 09:16:46,2025-03-04 15:41:16,8.33
96,7,61,8,44,2025-03-05 09:08:51,2025-05-26 15:55:14,13.11
96,8,60,7,45,2025-05-27 09:36:47,2025-07-04 12:45:32,11.67
96,9,61,8,40,2025-07-04 14:34:23,2025-08-26 14:51:45,13.11
96,10,60,12,40,2025-08-28 14:24:57,2025-10-28 13:26:02,20.0
97,1,60,1,37,2023-04-25 08:44:24,2023-06-07 12:07:12,1.67
97,2,59,5,35,2023-06-07 12:59:49,2023-11-08 11:22:14,8.47
97,3,59,6,45,2023-11-08 13:31:36,2024-04-03 12:03:17,10.17
97,4,59,4,44,2024-04-03 12:23:47,2024-12-19 15:22:15,6.78
97,5,59,2,43,2024-12-23 12:15:38,2025-02-11 12:23:27,3.39
97,6,59,1,48,2025-02-12 12:37:08,2025-04-04 11:53:26,1.69
97,7,59,3,44,2025-04-04 12:00:37,2025-06-04 14:51:25,5.08
97,8,59,1,45,2025-06-05 09:20:44,2025-07-14 12:06:45,1.69
97,9,59,5,45,2025-07-16 09:07:19,2025-09-03 15:04:56,8.47
97,10,59,7,46,2025-09-04 12:41:08,2025-10-28 10:05:14,11.86
98,1,61,17,40,2023-04-25 09:13:46,2023-06-07 13:52:55,27.87
98,2,60,21,36,2023-06-09 12:12:52,2023-11-08 10:12:29,35.0
98,3,60,10,45,2023-11-09 09:17:06,2024-04-09 15:41:57,16.67
98,4,61,14,48,2024-04-10 14:05:48,2024-12-17 14:23:25,22.95
98,5,60,14,45,2024-12-18 09:09:34,2025-02-05 11:11:54,23.33
98,6,60,11,41,2025-02-06 09:58:30,2025-03-27 13:50:53,18.33
98,7,61,12,44,2025-03-28 09:44:21,2025-06-09 10:02:22,19.67
98,8,60,7,44,2025-06-09 10:07:13,2025-07-16 15:24:50,11.67
98,9,60,5,43,2025-07-17 11:12:39,2025-09-04 12:35:08,8.33
98,10,60,6,44,2025-09-04 13:20:32,2025-10-28 09:04:43,10.0
99,1,58,5,38,2023-04-25 09:09:17,2023-06-07 10:48:28,8.62
99,2,58,4,36,2023-06-07 11:59:39,2023-10-26 14:29:02,6.9
99,3,57,6,40,2023-10-27 10:21:52,2024-03-07 12:31:15,10.53
99,4,58,6,46,2024-03-07 13:45:45,2024-12-09 09:06:10,10.34
99,5,57,5,48,2024-12-09 09:28:52,2025-01-22 09:27:38,8.77
99,6,58,2,44,2025-01-22 11:47:44,2025-03-12 14:39:48,3.45
99,7,58,0,44,2025-03-13 12:57:36,2025-06-03 09:05:38,0.0
99,8,57,3,45,2025-06-03 11:26:54,2025-07-11 12:52:32,5.26
99,9,58,5,44,2025-07-14 10:56:09,2025-08-29 12:37:04,8.62
99,10,57,3,45,2025-08-29 14:04:11,2025-10-28 10:59:35,5.26
100,1,58,19,37,2023-04-28 15:02:33,2023-06-16 11:58:09,32.76
100,2,57,22,42,2023-06-16 16:09:08,2023-12-06 10:02:17,38.6
100,3,57,19,46,2023-12-06 15:09:05,2024-04-12 12:00:39,33.33
100,4,57,26,43,2024-04-12 12:46:13,2024-12-23 13:39:47,45.61
100,5,57,28,42,2024-12-23 14:21:00,2025-02-12 13:33:30,49.12
100,6,57,14,44,2025-02-12 15:37:28,2025-03-27 09:52:12,24.56
100,7,57,19,46,2025-03-27 10:16:13,2025-06-04 09:15:30,33.33
100,8,57,19,41,2025-06-04 09:42:54,2025-07-14 13:53:34,33.33
100,9,57,21,39,2025-07-16 09:32:39,2025-09-02 13:14:26,36.84
100,10,57,21,42,2025-09-02 14:30:04,2025-10-28 11:32:34,36.84
101,1,59,19,34,2023-04-25 09:07:42,2023-06-15 10:14:32,32.2
101,2,59,5,36,2023-06-16 09:57:18,2023-11-09 11:43:28,8.47
101,3,59,2,39,2023-11-09 13:01:35,2024-03-11 13:10:53,3.39
101,4,59,9,47,2024-03-11 14:42:51,2024-12-13 15:48:01,15.25
101,5,59,5,41,2024-12-17 12:54:14,2025-02-05 09:40:09,8.47
101,6,59,10,45,2025-02-05 15:00:47,2025-03-19 10:57:10,16.95
101,7,59,8,43,2025-03-19 14:16:10,2025-05-28 14:48:01,13.56
101,8,59,7,46,2025-05-28 15:40:28,2025-07-15 09:29:59,11.86
101,9,59,11,42,2025-07-15 09:49:02,2025-09-01 14:53:51,18.64
101,10,58,8,41,2025-09-02 15:39:50,2025-10-28 13:07:28,13.79
106,1,40,3,26,2023-04-28 10:53:03,2023-05-22 10:33:59,7.5
106,2,40,6,29,2023-05-22 12:25:42,2023-06-20 11:38:26,15.0
106,3,40,4,33,2023-06-21 09:51:27,2023-10-30 10:11:16,10.0
106,4,40,4,36,2023-10-30 10:12:08,2024-02-21 09:32:01,10.0
106,5,40,3,34,2024-02-21 11:18:53,2024-04-09 14:28:55,7.5
106,6,40,2,35,2024-04-10 09:05:39,2024-12-04 10:14:48,5.0
106,7,40,5,32,2024-12-04 13:51:05,2025-01-07 10:13:45,12.5
106,8,40,3,35,2025-01-07 13:50:23,2025-02-07 09:00:29,7.5
106,9,40,3,36,2025-02-07 11:58:18,2025-03-11 12:05:13,7.5
106,10,39,2,32,2025-03-11 13:15:53,2025-04-14 09:24:07,5.13
108,1,15,4,12,2023-04-25 09:00:06,2023-04-28 15:40:12,26.67
108,2,14,2,14,2023-04-28 15:44:29,2023-05-17 13:43:00,14.29
108,3,14,2,14,2023-05-18 13:20:02,2023-05-25 09:58:41,14.29
108,4,15,2,15,2023-05-25 11:16:59,2023-06-02 10:17:57,13.33
108,5,14,2,14,2023-06-02 11:52:22,2023-06-14 11:10:37,14.29
108,6,14,0,14,2023-06-14 12:24:41,2023-06-26 12:03:44,0.0
108,7,15,1,14,2023-06-27 10:59:15,2023-08-04 14:47:28,6.67
108,8,14,5,13,2023-08-07 10:03:54,2023-11-08 11:02:53,35.71
108,9,14,4,14,2023-11-08 15:06:35,2023-12-01 10:52:07,28.57
108,10,14,6,12,2023-12-01 11:29:16,2024-02-21 13:02:13,42.86
109,1,51,8,37,2023-10-25 13:50:37,2024-02-20 14:30:06,15.69
109,2,51,1,44,2024-02-21 10:01:22,2024-11-18 15:58:17,1.96
109,3,51,2,41,2024-11-20 10:21:25,2024-12-24 10:17:17,3.92
109,4,51,1,40,2024-12-27 11:55:25,2025-02-05 12:31:15,1.96
109,5,50,2,38,2025-02-05 13:31:59,2025-03-19 11:50:47,4.0
109,6,51,1,41,2025-03-20 13:59:34,2025-05-23 13:15:30,1.96
109,7,51,4,44,2025-05-23 13:39:03,2025-06-20 14:36:55,7.84
109,8,51,4,38,2025-06-24 12:00:31,2025-08-05 13:58:01,7.84
109,9,51,5,40,2025-08-06 14:01:59,2025-09-22 09:31:35,9.8
109,10,50,1,41,2025-09-22 10:03:43,2025-10-28 10:45:26,2.0
110,1,61,9,37,2023-04-28 11:14:58,2023-06-06 10:16:02,14.75
110,2,60,3,36,2023-06-06 11:12:39,2023-10-30 11:04:54,5.0
110,3,61,9,47,2023-11-06 09:26:43,2024-03-06 10:27:13,14.75
110,4,60,7,54,2024-03-06 10:32:22,2024-12-03 10:18:47,11.67
110,5,61,10,43,2024-12-03 12:07:19,2025-01-23 10:54:39,16.39
110,6,60,7,44,2025-01-23 11:37:13,2025-03-18 10:47:55,11.67
110,7,61,10,46,2025-03-19 10:29:53,2025-05-30 15:04:22,16.39
110,8,60,10,46,2025-06-02 09:15:46,2025-07-09 09:30:32,16.67
110,9,61,9,45,2025-07-09 12:52:02,2025-09-02 10:31:14,14.75
110,10,60,8,43,2025-09-04 13:01:18,2025-10-27 13:14:51,13.33
111,1,63,2,38,2023-04-28 11:22:59,2023-06-12 09:04:17,3.17
111,2,62,1,39,2023-06-12 09:35:28,2023-11-06 13:27:01,1.61
111,3,63,5,46,2023-11-07 10:58:18,2024-04-03 11:30:38,7.94
111,4,62,2,48,2024-04-04 10:24:58,2024-12-24 10:07:58,3.23
111,5,62,3,47,2024-12-24 11:21:58,2025-02-11 11:03:08,4.84
111,6,63,4,47,2025-02-11 14:07:50,2025-03-28 09:36:16,6.35
111,7,62,6,45,2025-03-28 09:52:06,2025-06-02 12:13:12,9.68
111,8,63,6,47,2025-06-02 12:41:17,2025-07-16 10:14:50,9.52
111,9,62,8,48,2025-07-16 12:10:04,2025-09-02 12:18:42,12.9
111,10,62,6,47,2025-09-03 11:43:07,2025-10-27 15:54:09,9.68
112,1,61,6,38,2023-04-28 12:18:04,2023-06-12 10:54:48,9.84
112,2,61,6,42,2023-06-12 11:33:34,2023-11-09 13:08:55,9.84
112,3,61,3,47,2023-11-09 14:25:21,2024-03-11 11:05:35,4.92
112,4,61,9,43,2024-03-11 11:18:17,2024-12-04 10:23:16,14.75
112,5,60,7,45,2024-12-04 15:39:40,2025-02-05 10:32:15,11.67
112,6,61,10,48,2025-02-07 09:23:54,2025-03-21 12:11:39,16.39
112,7,61,7,47,2025-03-21 13:03:23,2025-05-30 13:44:34,11.48
112,8,61,11,47,2025-05-30 14:30:15,2025-07-11 12:30:52,18.03
112,9,61,6,46,2025-07-14 10:28:49,2025-09-08 15:10:39,9.84
112,10,60,7,44,2025-09-10 12:56:10,2025-10-28 14:42:55,11.67
113,1,70,0,47,2023-04-28 11:18:16,2023-06-12 15:43:17,0.0
113,2,70,1,49,2023-06-14 15:22:03,2024-02-06 14:08:49,1.43
113,3,70,0,69,2024-02-06 14:54:45,2024-02-14 10:28:09,0.0
113,4,70,1,54,2024-02-14 11:07:23,2024-03-22 09:01:00,1.43
113,5,69,0,54,2024-03-22 09:02:51,2024-05-21 11:56:19,0.0
113,6,70,0,50,2024-05-21 12:06:08,2025-01-07 10:20:00,0.0
113,7,70,0,50,2025-01-07 11:39:38,2025-03-04 14:25:22,0.0
113,8,70,3,46,2025-03-04 14:39:03,2025-07-01 14:22:19,4.29
113,9,70,1,48,2025-07-02 10:21:14,2025-08-28 09:30:12,1.43
113,10,69,0,47,2025-08-28 11:51:11,2025-10-28 12:55:49,0.0
115,1,63,3,35,2023-04-28 15:02:39,2023-06-13 10:41:08,4.76
115,2,62,1,38,2023-06-15 10:49:53,2023-11-23 11:27:00,1.61
115,3,62,6,47,2023-11-23 12:57:31,2024-04-02 10:26:09,9.68
115,4,62,2,49,2024-04-02 10:46:36,2024-12-18 09:54:31,3.23
115,5,62,5,45,2024-12-18 10:49:02,2025-02-07 13:07:27,8.06
115,6,62,5,43,2025-02-10 10:15:52,2025-04-02 12:57:35,8.06
115,7,62,6,47,2025-04-02 14:39:16,2025-06-17 09:55:53,9.68
115,8,62,9,47,2025-06-17 11:06:41,2025-07-29 09:11:10,14.52
115,9,62,10,46,2025-07-29 11:15:09,2025-09-12 15:30:13,16.13
115,10,62,11,44,2025-09-16 11:16:27,2025-10-28 12:28:25,17.74
116,1,38,0,30,2023-04-28 15:16:13,2023-05-25 11:28:28,0.0
116,2,38,3,30,2023-05-25 11:30:49,2023-06-19 12:54:13,7.89
116,3,38,5,29,2023-06-19 13:05:46,2023-11-06 09:01:55,13.16
116,4,38,2,32,2023-11-06 11:03:53,2024-02-21 14:54:10,5.26
116,5,37,4,33,2024-02-22 09:02:09,2024-04-10 14:16:41,10.81
116,6,38,4,33,2024-04-11 11:58:19,2024-12-09 11:47:45,10.53
116,7,38,2,32,2024-12-09 12:08:26,2025-01-22 12:32:22,5.26
116,8,38,3,33,2025-01-23 15:40:55,2025-02-24 09:41:37,7.89
116,9,38,4,36,2025-02-24 09:58:59,2025-03-18 14:07:13,10.53
116,10,37,7,30,2025-03-18 15:37:01,2025-04-11 14:06:26,18.92
117,1,39,8,33,2023-04-28 15:36:14,2023-06-01 10:33:41,20.51
117,2,39,4,31,2023-06-02 10:54:34,2023-06-27 13:29:17,10.26
117,3,39,8,29,2023-06-28 10:46:30,2023-11-10 10:21:47,20.51
117,4,39,5,36,2023-11-23 10:25:16,2024-02-20 09:56:51,12.82
117,5,39,10,36,2024-02-20 12:30:03,2024-04-09 13:13:15,25.64
117,6,39,10,35,2024-04-10 12:30:46,2024-12-04 09:44:51,25.64
117,7,39,3,34,2024-12-04 10:09:13,2025-01-08 11:55:23,7.69
117,8,39,6,32,2025-01-09 09:21:06,2025-02-14 11:40:21,15.38
117,9,39,8,36,2025-02-14 14:10:29,2025-03-13 15:13:04,20.51
117,10,39,11,35,2025-03-14 15:06:47,2025-04-11 13:36:38,28.21
118,1,57,7,39,2023-05-11 16:44:40,2023-06-15 13:25:22,12.28
118,2,57,4,40,2023-06-16 11:40:16,2023-11-29 10:23:54,7.02
118,3,56,0,43,2023-11-29 14:44:52,2024-03-28 09:38:08,0.0
118,4,57,1,47,2024-03-28 11:55:34,2024-12-16 10:22:02,1.75
118,5,56,3,42,2024-12-16 12:40:56,2025-02-05 09:36:58,5.36
118,6,57,0,44,2025-02-05 13:39:02,2025-03-20 09:32:25,0.0
118,7,57,2,44,2025-03-20 09:53:44,2025-05-30 10:41:40,3.51
118,8,56,1,42,2025-06-02 09:05:18,2025-07-14 11:21:34,1.79
118,9,57,2,42,2025-07-14 13:01:51,2025-09-04 09:36:13,3.51
118,10,56,1,45,2025-09-04 10:49:08,2025-10-28 10:34:05,1.79
120,1,28,8,17,2023-05-24 13:21:00,2023-08-16 12:08:37,28.57
120,2,27,12,24,2023-11-02 10:34:59,2024-02-22 10:16:03,44.44
120,3,27,7,26,2024-02-23 09:37:57,2024-11-21 10:29:36,25.93
120,4,27,9,21,2024-11-21 12:14:00,2025-01-02 11:42:59,33.33
120,5,27,8,23,2025-01-03 11:50:41,2025-02-05 14:27:35,29.63
120,6,28,7,22,2025-02-11 14:08:18,2025-03-19 10:31:48,25.0
120,7,27,3,22,2025-03-19 11:19:02,2025-05-30 12:48:43,11.11
120,8,27,5,21,2025-06-03 10:02:44,2025-07-15 13:59:22,18.52
120,9,27,3,23,2025-07-17 10:21:39,2025-09-10 13:33:33,11.11
120,10,27,6,24,2025-09-11 12:57:45,2025-10-28 12:05:29,22.22
123,1,20,6,16,2023-05-24 12:28:48,2023-08-09 12:40:23,30.0
123,2,20,7,14,2023-08-10 09:43:05,2023-11-28 10:36:20,35.0
123,3,20,7,17,2023-11-28 12:32:13,2024-02-26 15:47:43,35.0
123,4,20,6,19,2024-03-05 11:06:49,2024-04-05 10:21:06,30.0
123,5,19,5,17,2024-04-08 13:46:40,2024-11-26 14:03:06,26.32
123,6,20,3,19,2024-11-27 15:30:22,2024-12-24 09:33:51,15.0
123,7,20,5,18,2024-12-24 11:47:48,2025-01-27 13:34:25,25.0
123,8,20,6,18,2025-01-27 15:37:39,2025-02-19 15:45:37,30.0
123,9,20,5,17,2025-02-20 10:23:49,2025-03-21 09:03:00,25.0
123,10,19,6,19,2025-03-21 12:27:48,2025-04-11 12:47:07,31.58
125,1,14,0,14,2023-05-26 09:18:14,2023-06-02 14:04:42,0.0
125,2,13,0,13,2023-06-05 12:51:44,2023-06-15 09:32:26,0.0
125,3,14,0,14,2023-06-15 10:27:28,2023-06-21 10:06:48,0.0
125,4,13,0,12,2023-06-21 11:05:00,2023-08-04 12:17:57,0.0
125,5,14,1,14,2023-08-04 13:06:53,2023-10-25 12:52:05,7.14
125,6,13,1,13,2023-10-26 11:58:47,2023-10-31 10:54:54,7.69
125,7,14,2,13,2023-10-31 11:41:46,2023-11-10 12:37:13,14.29
125,8,13,0,12,2023-11-22 16:39:38,2023-12-05 09:42:50,0.0
125,9,14,0,14,2023-12-05 09:59:09,2024-04-05 11:23:32,0.0
125,10,13,2,13,2024-04-08 11:18:15,2024-04-17 10:28:20,15.38
127,1,15,10,15,2023-05-26 14:05:22,2023-06-05 15:49:45,66.67
127,2,15,11,14,2023-06-06 09:14:47,2023-06-16 09:17:00,73.33
127,3,15,5,15,2023-06-16 15:03:12,2023-06-26 12:54:47,33.33
127,4,15,6,15,2023-06-27 11:05:37,2023-08-04 09:52:33,40.0
127,5,15,8,13,2023-08-07 11:02:23,2023-10-31 11:13:37,53.33
127,6,15,10,15,2023-10-31 12:44:30,2023-11-02 13:35:53,66.67
127,7,15,7,15,2023-11-03 09:17:55,2023-11-27 12:20:20,46.67
127,8,15,8,15,2023-11-28 11:22:03,2023-12-07 09:44:04,53.33
127,9,15,9,15,2023-12-07 11:06:32,2024-03-29 14:12:05,60.0
127,10,15,7,14,2024-03-29 15:15:51,2024-04-17 15:25:31,46.67
128,1,17,1,17,2023-05-26 13:28:21,2023-05-31 13:29:34,5.88
128,2,16,0,14,2023-05-31 14:56:29,2023-06-16 10:01:58,0.0
128,3,16,2,15,2023-06-16 11:24:37,2023-06-27 13:02:39,12.5
128,4,16,0,14,2023-06-28 09:47:37,2023-08-08 09:05:07,0.0
128,5,16,0,15,2023-08-09 09:18:09,2023-10-30 13:59:09,0.0
128,6,16,0,15,2023-10-31 09:22:36,2023-11-02 12:03:11,0.0
128,7,16,0,14,2023-11-02 12:06:36,2023-11-27 09:17:15,0.0
128,8,16,0,16,2023-11-27 10:13:27,2023-12-07 14:07:58,0.0
128,9,16,0,16,2023-12-07 14:35:55,2024-04-03 13:33:43,0.0
128,10,16,0,16,2024-04-03 15:21:42,2024-04-17 15:00:14,0.0
129,1,14,2,14,2023-05-26 11:20:58,2023-06-01 11:53:53,14.29
129,2,14,3,14,2023-06-02 09:34:57,2023-06-13 12:01:30,21.43
129,3,14,4,14,2023-06-15 09:43:58,2023-06-23 11:34:50,28.57
129,4,14,6,14,2023-06-27 10:09:08,2023-07-03 16:03:23,42.86
129,5,14,4,12,2023-07-04 11:15:59,2023-08-10 11:18:54,28.57
129,6,14,2,14,2023-10-25 14:04:59,2023-10-31 09:56:37,14.29
129,7,14,4,14,2023-10-31 10:37:36,2023-11-03 13:16:55,28.57
129,8,14,2,14,2023-11-03 14:24:41,2023-12-01 14:54:19,14.29
129,9,14,2,13,2023-12-06 09:41:52,2024-04-02 15:04:56,14.29
129,10,13,4,13,2024-04-04 09:22:34,2024-04-18 11:22:48,30.77
130,1,58,17,33,2023-05-29 11:19:20,2023-08-04 15:21:18,29.31
130,2,58,15,43,2023-08-07 11:43:29,2024-02-23 09:27:05,25.86
130,3,58,14,43,2024-02-23 10:22:29,2024-11-20 12:46:49,24.14
130,4,58,19,47,2024-11-21 09:54:28,2025-01-03 10:49:07,32.76
130,5,57,15,45,2025-01-03 15:17:19,2025-02-14 11:51:59,26.32
130,6,58,10,45,2025-02-17 10:39:59,2025-03-31 12:35:51,17.24
130,7,58,22,46,2025-03-31 13:05:17,2025-06-03 16:00:49,37.93
130,8,58,14,46,2025-06-04 09:39:45,2025-07-08 10:31:21,24.14
130,9,58,19,41,2025-07-09 12:45:15,2025-09-02 10:20:27,32.76
130,10,57,11,43,2025-09-02 12:57:42,2025-10-27 09:05:24,19.3
131,1,57,5,35,2023-05-29 11:03:57,2023-08-09 09:39:21,8.77
131,2,56,5,49,2023-08-09 11:17:04,2024-02-21 10:11:11,8.93
131,3,56,6,42,2024-02-21 10:11:55,2024-11-19 13:05:18,10.71
131,4,56,2,42,2024-11-19 15:22:13,2025-01-09 13:13:50,3.57
131,5,56,3,44,2025-01-09 15:03:22,2025-02-21 11:57:05,5.36
131,6,56,2,42,2025-02-24 10:56:19,2025-05-20 11:05:53,3.57
131,7,56,1,46,2025-05-20 12:17:19,2025-06-13 10:40:13,1.79
131,8,56,6,47,2025-06-13 12:14:09,2025-07-29 10:06:08,10.71
131,9,56,6,41,2025-07-29 10:07:16,2025-09-12 12:05:31,10.71
131,10,56,4,48,2025-09-12 15:06:38,2025-10-28 12:02:15,7.14
132,1,56,23,33,2023-05-30 10:32:01,2023-06-27 15:56:15,41.07
132,2,56,17,43,2023-06-28 10:06:24,2023-12-07 11:19:04,30.36
132,3,56,19,45,2023-12-07 12:56:49,2024-04-08 12:01:15,33.93
132,4,56,24,48,2024-04-08 12:32:42,2024-12-30 10:22:42,42.86
132,5,55,16,42,2024-12-30 12:09:16,2025-02-13 13:52:16,29.09
132,6,56,25,46,2025-02-13 14:48:19,2025-03-28 09:07:15,44.64
132,7,56,18,42,2025-03-28 09:43:58,2025-05-29 11:30:45,32.14
132,8,56,21,40,2025-05-29 13:10:39,2025-07-15 12:19:26,37.5
132,9,56,19,43,2025-07-15 14:52:15,2025-09-03 15:25:18,33.93
132,10,55,18,43,2025-09-04 09:36:27,2025-10-28 11:12:15,32.73
133,1,54,0,34,2023-05-30 10:30:32,2023-08-07 10:02:01,0.0
133,2,54,1,39,2023-08-07 11:54:10,2024-03-05 13:23:31,1.85
133,3,54,1,46,2024-03-06 09:30:07,2024-12-02 13:10:25,1.85
133,4,54,1,42,2024-12-03 10:22:58,2025-01-14 11:48:02,1.85
133,5,53,0,41,2025-01-14 11:52:25,2025-02-25 11:22:06,0.0
133,6,54,2,44,2025-02-25 15:19:50,2025-04-01 14:48:25,3.7
133,7,54,0,45,2025-04-02 14:28:13,2025-06-05 12:30:43,0.0
133,8,54,0,42,2025-06-05 13:58:18,2025-07-10 15:36:39,0.0
133,9,54,2,43,2025-07-11 09:40:16,2025-09-04 13:00:03,3.7
133,10,53,0,41,2025-09-05 12:38:52,2025-10-24 15:04:03,0.0
134,1,59,3,38,2023-05-30 09:12:10,2023-08-04 10:34:05,5.08
134,2,58,2,43,2023-08-04 11:22:30,2024-02-23 14:45:16,3.45
134,3,58,2,46,2024-02-26 10:34:18,2024-11-20 14:12:29,3.45
134,4,58,0,40,2024-11-21 09:52:27,2025-01-07 15:20:44,0.0
134,5,58,4,45,2025-01-08 09:53:30,2025-02-19 11:53:50,6.9
134,6,59,3,40,2025-02-20 09:51:03,2025-04-01 09:36:26,5.08
134,7,58,2,44,2025-04-03 12:57:05,2025-06-04 09:17:28,3.45
134,8,58,1,40,2025-06-04 09:58:56,2025-07-16 10:32:08,1.72
134,9,58,2,43,2025-07-16 11:23:39,2025-09-04 12:54:46,3.45
134,10,58,0,44,2025-09-04 13:55:36,2025-10-28 12:13:32,0.0
135,1,57,1,36,2023-05-30 09:23:26,2023-08-03 16:10:52,1.75
135,2,57,2,48,2023-08-04 11:26:13,2023-12-13 13:29:10,3.51
135,3,56,1,48,2024-01-08 14:06:48,2024-04-08 10:05:43,1.79
135,4,57,2,45,2024-04-08 12:22:34,2024-12-17 13:31:58,3.51
135,5,56,0,43,2024-12-17 14:23:42,2025-02-20 13:07:22,0.0
135,6,57,4,43,2025-02-21 15:35:18,2025-04-07 09:03:20,7.02
135,7,57,1,45,2025-04-07 10:17:49,2025-06-09 12:24:30,1.75
135,8,56,3,45,2025-06-09 13:10:09,2025-07-29 15:30:20,5.36
135,9,57,1,40,2025-07-30 12:43:49,2025-09-11 13:21:05,1.75
135,10,56,1,45,2025-09-12 11:04:57,2025-10-28 11:56:56,1.79
140,1,18,13,16,2023-05-31 10:03:42,2023-06-16 10:34:16,72.22
140,2,17,5,14,2023-06-16 11:19:31,2023-10-25 14:46:07,29.41
140,3,18,2,16,2023-10-26 10:13:19,2023-11-27 09:32:29,11.11
140,4,17,6,15,2023-11-28 12:25:16,2025-07-10 14:34:08,35.29
140,5,18,6,15,2025-07-10 15:00:34,2025-07-29 15:12:19,33.33
140,6,17,6,17,2025-07-29 15:43:40,2025-08-11 14:56:24,35.29
140,7,18,5,17,2025-08-12 10:33:17,2025-09-01 11:03:59,27.78
140,8,17,4,17,2025-09-01 12:22:28,2025-09-12 13:15:10,23.53
140,9,18,3,16,2025-09-15 10:40:20,2025-10-08 10:58:40,16.67
140,10,17,4,16,2025-10-08 11:04:18,2025-10-28 09:11:43,23.53
141,1,39,13,30,2023-05-31 09:19:10,2023-07-04 11:09:15,33.33
141,2,38,10,32,2023-07-04 13:18:12,2024-04-05 15:36:16,26.32
141,3,39,9,34,2024-04-08 13:33:31,2024-10-01 12:02:22,23.08
141,4,38,6,34,2024-10-01 14:57:42,2024-12-02 12:38:27,15.79
141,5,38,5,32,2024-12-02 13:57:24,2025-01-10 10:22:30,13.16
141,6,39,6,34,2025-01-13 09:18:11,2025-02-07 15:04:56,15.38
141,7,38,6,29,2025-02-10 11:44:38,2025-03-28 10:14:50,15.79
141,8,39,7,30,2025-04-02 10:43:52,2025-07-17 11:35:40,17.95
141,9,38,10,29,2025-07-17 11:57:40,2025-08-29 11:44:14,26.32
141,10,38,8,32,2025-09-01 13:28:40,2025-10-27 15:22:28,21.05
142,1,53,15,35,2023-06-02 14:41:01,2023-08-08 09:42:14,28.3
142,2,53,14,38,2023-08-08 13:42:57,2024-02-23 15:48:22,26.42
142,3,53,9,43,2024-02-26 09:22:37,2024-11-22 11:15:05,16.98
142,4,53,11,42,2024-11-22 15:18:22,2025-01-09 11:40:15,20.75
142,5,52,13,42,2025-01-09 14:17:16,2025-02-19 13:45:46,25.0
142,6,53,6,39,2025-02-20 09:49:21,2025-04-03 15:57:18,11.32
142,7,53,8,40,2025-04-04 11:07:34,2025-06-09 09:16:53,15.09
142,8,53,8,41,2025-06-09 10:26:33,2025-07-14 11:18:17,15.09
142,9,53,8,37,2025-07-14 14:41:27,2025-08-29 14:11:46,15.09
142,10,52,10,41,2025-09-01 09:11:38,2025-10-28 10:31:21,19.23
143,1,16,3,14,2023-06-01 10:47:46,2023-06-13 10:13:06,18.75
143,2,16,2,16,2023-06-13 12:48:18,2023-06-22 15:54:10,12.5
143,3,15,2,15,2023-06-23 10:46:50,2023-07-04 11:05:57,13.33
143,4,16,4,15,2023-07-04 11:42:28,2023-10-25 13:25:46,25.0
143,5,15,4,15,2023-10-26 09:22:40,2023-10-31 15:03:17,26.67
143,6,16,0,16,2023-10-31 15:40:54,2023-11-06 10:07:32,0.0
143,7,16,2,15,2023-11-07 11:04:36,2023-11-27 10:43:41,12.5
143,8,15,2,15,2023-11-27 11:25:04,2023-12-06 09:36:43,13.33
143,9,16,1,14,2023-12-06 13:54:04,2024-03-29 14:58:57,6.25
143,10,15,0,14,2024-04-02 14:21:16,2024-04-18 12:18:14,0.0
144,1,16,2,16,2023-06-01 13:01:04,2023-06-13 10:17:56,12.5
144,2,16,5,16,2023-06-13 15:51:19,2023-06-21 09:43:54,31.25
144,3,15,3,15,2023-06-21 10:54:23,2023-06-30 13:01:15,20.0
144,4,16,1,16,2023-07-03 11:27:39,2023-10-25 14:16:11,6.25
144,5,15,3,15,2023-10-25 16:38:12,2023-10-31 13:33:46,20.0
144,6,16,1,16,2023-10-31 13:57:55,2023-11-03 11:51:01,6.25
144,7,16,0,13,2023-11-03 12:03:28,2023-11-28 10:04:14,0.0
144,8,15,3,15,2023-11-28 11:54:31,2023-12-05 09:35:18,20.0
144,9,16,2,16,2023-12-05 11:21:09,2024-03-29 09:58:49,12.5
144,10,15,0,15,2024-04-02 13:12:08,2024-04-17 10:38:22,0.0
145,1,15,2,14,2023-06-01 11:35:26,2023-06-12 09:47:25,13.33
145,2,15,0,15,2023-06-12 11:21:18,2023-06-20 09:32:14,0.0
145,3,15,0,15,2023-06-20 10:11:00,2023-06-28 09:44:43,0.0
145,4,15,2,14,2023-06-28 12:12:05,2023-08-08 11:52:55,13.33
145,5,14,1,14,2023-08-08 16:15:15,2023-10-26 10:12:33,7.14
145,6,15,0,15,2023-10-26 11:48:07,2023-11-02 09:39:11,0.0
145,7,15,1,15,2023-11-02 09:42:10,2023-11-03 14:01:53,6.67
145,8,15,3,14,2023-11-03 14:58:04,2023-11-30 11:08:56,20.0
145,9,15,0,14,2023-11-30 12:02:57,2024-04-02 12:31:22,0.0
145,10,14,0,14,2024-04-02 13:40:17,2024-04-17 15:07:36,0.0
157,1,49,6,36,2023-06-19 10:06:24,2023-11-23 12:39:06,12.24
157,2,49,8,42,2023-11-23 13:41:50,2024-03-29 10:21:13,16.33
157,3,49,8,39,2024-04-02 13:28:23,2024-12-06 11:03:17,16.33
157,4,48,2,39,2024-12-06 13:01:36,2025-01-20 14:46:10,4.17
157,5,49,5,43,2025-01-21 09:14:38,2025-03-03 12:35:31,10.2
157,6,49,6,38,2025-03-04 09:56:13,2025-05-16 14:31:58,12.24
157,7,48,4,41,2025-05-19 09:45:31,2025-06-12 09:59:40,8.33
157,8,49,6,39,2025-06-12 13:35:40,2025-07-28 13:58:04,12.24
157,9,49,5,39,2025-07-29 09:29:43,2025-09-11 15:15:06,10.2
157,10,48,7,38,2025-09-12 10:58:55,2025-10-28 12:32:02,14.58
158,1,55,1,34,2023-06-19 12:29:25,2023-11-27 10:04:52,1.82
158,2,55,0,41,2023-11-28 13:11:55,2024-03-13 12:39:41,0.0
158,3,55,1,45,2024-03-13 13:20:41,2024-11-28 09:24:47,1.82
158,4,55,1,42,2024-11-28 12:48:20,2025-01-22 12:11:43,1.82
158,5,54,1,42,2025-01-22 13:17:21,2025-03-03 12:22:12,1.85
158,6,55,0,39,2025-03-03 14:11:19,2025-04-11 14:08:54,0.0
158,7,55,0,46,2025-04-14 09:32:42,2025-06-13 13:27:34,0.0
158,8,55,1,38,2025-06-16 09:25:30,2025-07-31 12:09:40,1.82
158,9,55,1,41,2025-07-31 13:01:37,2025-09-15 15:25:10,1.82
158,10,54,0,43,2025-09-16 13:30:45,2025-10-28 11:00:16,0.0
159,1,49,5,34,2023-06-19 15:22:53,2023-11-23 09:49:58,10.2
159,2,48,4,35,2023-11-23 11:01:51,2024-03-28 09:43:29,8.33
159,3,48,3,42,2024-03-28 11:50:14,2024-12-05 12:47:55,6.25
159,4,48,1,36,2024-12-05 13:21:25,2025-01-23 11:42:34,2.08
159,5,48,0,38,2025-01-24 09:51:00,2025-03-10 11:21:46,0.0
159,6,48,3,33,2025-03-10 13:03:05,2025-05-20 14:58:25,6.25
159,7,48,0,39,2025-05-21 10:46:09,2025-06-17 15:03:07,0.0
159,8,48,0,41,2025-06-18 09:52:11,2025-07-31 14:44:22,0.0
159,9,48,2,38,2025-08-01 12:56:27,2025-09-10 09:54:59,4.17
159,10,48,4,40,2025-09-11 14:24:31,2025-10-28 13:05:21,8.33
160,1,63,31,41,2023-06-20 09:12:51,2024-02-06 14:12:54,49.21
160,2,62,31,62,2024-02-06 14:18:28,2024-02-13 12:07:35,50.0
160,3,62,17,51,2024-02-13 12:09:20,2024-03-18 10:47:14,27.42
160,4,63,17,53,2024-03-18 11:36:06,2024-04-17 09:24:38,26.98
160,5,62,22,50,2024-05-17 14:30:28,2024-12-18 12:47:06,35.48
160,6,62,22,49,2024-12-18 13:11:07,2025-02-06 10:51:01,35.48
160,7,63,20,47,2025-02-06 13:10:00,2025-03-20 15:26:11,31.75
160,8,62,28,42,2025-03-21 09:05:37,2025-07-04 14:17:00,45.16
160,9,62,20,46,2025-07-04 14:19:09,2025-08-29 10:51:30,32.26
160,10,62,16,44,2025-08-29 12:20:09,2025-10-28 10:32:25,25.81
162,1,61,11,43,2023-06-20 09:34:50,2023-12-06 09:33:27,18.03
162,2,60,5,56,2023-12-06 11:35:49,2024-02-12 11:59:45,8.33
162,3,60,5,49,2024-02-12 12:02:41,2024-03-13 15:54:49,8.33
162,4,60,2,52,2024-03-14 11:40:16,2024-04-15 09:53:08,3.33
162,5,60,8,46,2024-04-15 11:41:32,2024-12-19 12:28:09,13.33
162,6,60,9,45,2024-12-19 12:43:25,2025-02-06 13:41:42,15.0
162,7,60,8,45,2025-02-07 09:19:08,2025-03-26 09:38:59,13.33
162,8,60,10,41,2025-03-26 11:35:58,2025-07-21 14:23:46,16.67
162,9,60,8,47,2025-07-22 12:17:18,2025-09-02 09:12:03,13.33
162,10,60,5,43,2025-09-02 10:25:54,2025-10-28 13:02:45,8.33
176,1,30,0,19,2023-08-09 09:32:30,2023-12-12 12:46:24,0.0
176,2,30,3,27,2023-12-12 13:27:01,2024-04-04 13:14:41,10.0
176,3,30,2,24,2024-04-08 10:11:21,2024-12-13 11:14:06,6.67
176,4,30,2,23,2024-12-13 12:27:11,2025-01-24 13:56:26,6.67
176,5,30,2,23,2025-01-24 15:02:12,2025-03-04 12:33:00,6.67
176,6,30,3,24,2025-03-04 13:30:01,2025-04-10 13:24:16,10.0
176,7,30,1,24,2025-05-27 12:34:04,2025-06-23 09:54:06,3.33
176,8,30,2,22,2025-06-23 10:19:40,2025-08-06 11:25:01,6.67
176,9,30,2,20,2025-08-06 11:42:40,2025-09-19 15:21:58,6.67
176,10,29,1,20,2025-09-22 11:45:24,2025-10-28 11:07:04,3.45
177,1,30,5,20,2023-08-04 10:55:05,2023-12-07 10:24:18,16.67
177,2,30,5,22,2023-12-08 13:42:47,2024-04-08 12:01:31,16.67
177,3,29,3,27,2024-04-08 13:44:50,2024-12-13 13:41:09,10.34
177,4,30,3,24,2024-12-16 09:15:41,2025-01-29 09:03:26,10.0
177,5,29,2,24,2025-01-29 12:18:13,2025-03-05 14:18:22,6.9
177,6,30,1,25,2025-03-06 11:30:05,2025-05-27 15:05:52,3.33
177,7,30,2,23,2025-05-29 13:51:41,2025-06-26 09:58:39,6.67
177,8,29,1,21,2025-06-26 11:32:37,2025-07-28 14:49:12,3.45
177,9,30,1,23,2025-07-30 10:22:21,2025-09-12 11:23:33,3.33
177,10,29,2,23,2025-09-16 10:05:56,2025-10-22 14:41:13,6.9
184,1,54,6,45,2023-10-25 13:15:41,2024-02-20 10:24:21,11.11
184,2,53,2,40,2024-02-20 12:37:42,2024-04-17 09:36:20,3.77
184,3,54,7,43,2024-04-17 10:23:57,2024-12-23 12:05:55,12.96
184,4,53,6,41,2024-12-24 09:37:55,2025-02-04 13:36:02,11.32
184,5,53,4,42,2025-02-04 14:34:21,2025-03-21 10:06:10,7.55
184,6,54,4,39,2025-03-24 10:07:09,2025-05-21 13:29:09,7.41
184,7,53,5,48,2025-05-22 09:10:55,2025-06-16 09:48:31,9.43
184,8,54,6,43,2025-06-16 10:44:06,2025-07-24 10:45:37,11.11
184,9,53,2,42,2025-07-24 11:57:49,2025-09-09 11:42:19,3.77
184,10,53,2,43,2025-09-09 13:16:59,2025-10-28 12:55:30,3.77
185,1,51,12,43,2023-10-25 10:04:06,2024-02-22 14:39:00,23.53
185,2,50,8,39,2024-02-22 14:50:13,2024-04-16 15:18:04,16.0
185,3,50,7,39,2024-04-16 15:23:57,2024-12-19 11:17:04,14.0
185,4,50,9,38,2024-12-19 11:19:35,2025-02-05 12:23:46,18.0
185,5,50,7,39,2025-02-05 14:11:20,2025-03-14 10:07:20,14.0
185,6,50,15,43,2025-03-17 09:22:38,2025-05-20 14:15:37,30.0
185,7,50,14,42,2025-05-21 09:09:15,2025-06-18 13:51:40,28.0
185,8,50,11,42,2025-06-18 14:16:15,2025-07-29 15:06:26,22.0
185,9,50,10,40,2025-07-30 09:57:13,2025-09-10 13:19:03,20.0
185,10,50,5,39,2025-09-10 13:20:40,2025-10-28 12:50:15,10.0
186,1,48,14,37,2023-10-25 11:33:51,2024-02-23 10:22:11,29.17
186,2,47,6,38,2024-02-23 10:42:09,2024-11-21 10:12:35,12.77
186,3,47,10,40,2024-11-21 10:19:35,2024-12-24 10:45:09,21.28
186,4,48,15,39,2024-12-27 11:15:30,2025-02-12 11:02:30,31.25
186,5,47,7,37,2025-02-12 11:08:18,2025-03-21 11:37:39,14.89
186,6,47,10,36,2025-03-21 11:53:49,2025-05-23 13:55:09,21.28
186,7,48,6,41,2025-05-23 16:13:12,2025-06-23 10:17:48,12.5
186,8,47,6,38,2025-06-24 09:31:41,2025-07-29 14:50:57,12.77
186,9,47,8,36,2025-07-31 12:47:31,2025-09-09 09:26:33,17.02
186,10,47,7,35,2025-09-09 10:25:16,2025-10-27 10:53:41,14.89
187,1,50,3,37,2023-10-26 10:55:30,2024-02-26 09:29:04,6.0
187,2,50,1,37,2024-02-26 09:51:40,2024-11-21 14:34:17,2.0
187,3,50,0,42,2024-11-25 10:11:51,2025-01-07 10:27:16,0.0
187,4,50,0,35,2025-01-08 10:04:36,2025-02-21 09:48:53,0.0
187,5,50,1,44,2025-02-24 12:49:12,2025-03-26 12:29:38,2.0
187,6,50,1,41,2025-03-27 12:35:00,2025-05-26 11:15:31,2.0
187,7,50,0,40,2025-05-26 12:24:25,2025-06-23 11:46:10,0.0
187,8,50,3,41,2025-06-24 09:33:08,2025-07-24 14:59:16,6.0
187,9,50,2,38,2025-07-24 14:59:22,2025-09-08 11:19:51,4.0
187,10,50,1,39,2025-09-09 14:03:37,2025-10-28 12:42:01,2.0
188,1,53,3,40,2023-10-25 13:06:18,2024-02-26 14:27:58,5.66
188,2,52,1,45,2024-03-05 09:37:00,2024-11-22 12:15:32,1.92
188,3,52,0,42,2024-11-22 13:01:53,2025-01-07 14:52:16,0.0
188,4,52,2,45,2025-01-08 09:14:10,2025-02-12 13:42:06,3.85
188,5,52,0,43,2025-02-13 09:09:36,2025-03-13 13:02:43,0.0
188,6,53,2,42,2025-03-14 09:39:46,2025-05-26 09:27:02,3.77
188,7,52,0,41,2025-05-26 12:15:47,2025-06-27 13:04:04,0.0
188,8,52,4,41,2025-06-27 13:55:54,2025-08-04 11:24:37,7.69
188,9,52,4,42,2025-08-05 11:09:08,2025-09-12 11:52:46,7.69
188,10,52,1,43,2025-09-12 14:39:48,2025-10-27 15:31:20,1.92
189,1,57,10,43,2023-10-25 10:22:52,2024-02-07 13:06:21,17.54
189,2,57,9,57,2024-02-07 13:13:56,2024-02-14 09:07:47,15.79
189,3,57,3,44,2024-02-14 14:32:13,2024-03-18 11:58:27,5.26
189,4,56,3,43,2024-03-18 12:18:52,2024-05-20 11:44:13,5.36
189,5,57,6,46,2024-05-20 14:30:23,2024-12-24 11:55:27,10.53
189,6,57,2,43,2024-12-30 09:37:37,2025-02-13 10:14:58,3.51
189,7,56,5,42,2025-02-13 11:02:40,2025-03-27 12:24:22,8.93
189,8,57,4,43,2025-03-28 14:49:45,2025-07-24 12:18:32,7.02
189,9,57,0,47,2025-07-24 13:55:50,2025-09-12 10:26:43,0.0
189,10,56,2,47,2025-09-12 11:44:54,2025-10-28 11:57:29,3.57
190,1,56,4,44,2023-10-25 14:01:51,2024-02-08 09:41:01,7.14
190,2,55,3,54,2024-02-08 10:10:29,2024-02-16 12:45:34,5.45
190,3,56,2,45,2024-02-16 14:54:34,2024-03-19 12:36:15,3.57
190,4,55,4,44,2024-03-19 13:11:46,2024-05-17 14:54:07,7.27
190,5,56,3,43,2024-05-17 14:56:15,2024-12-16 14:25:56,5.36
190,6,55,6,47,2024-12-17 14:35:24,2025-02-10 14:42:51,10.91
190,7,56,5,42,2025-02-10 15:33:01,2025-03-21 15:02:41,8.93
190,8,55,2,44,2025-03-24 09:24:45,2025-07-16 12:53:55,3.64
190,9,56,3,41,2025-07-17 09:22:23,2025-09-09 09:02:26,5.36
190,10,55,2,38,2025-09-09 13:20:39,2025-10-28 12:57:17,3.64
191,1,51,17,41,2023-10-25 10:42:25,2024-02-21 14:41:30,33.33
191,2,51,7,42,2024-02-21 15:19:10,2024-04-15 12:43:40,13.73
191,3,51,9,38,2024-04-16 11:09:28,2024-12-20 13:22:37,17.65
191,4,50,5,38,2024-12-23 13:11:20,2025-02-12 12:43:35,10.0
191,5,51,5,40,2025-02-13 10:37:56,2025-03-19 11:19:24,9.8
191,6,51,5,42,2025-03-19 12:42:05,2025-05-21 09:57:21,9.8
191,7,50,8,41,2025-05-21 11:49:07,2025-06-13 09:16:13,16.0
191,8,51,7,43,2025-06-16 14:15:30,2025-07-25 11:10:20,13.73
191,9,51,5,42,2025-07-28 10:33:08,2025-09-11 09:19:43,9.8
191,10,50,4,37,2025-09-11 09:21:27,2025-10-28 11:18:35,8.0
193,1,34,13,25,2023-10-26 10:40:55,2024-04-04 09:26:34,38.24
193,2,34,15,31,2024-04-04 15:56:33,2024-09-26 10:26:40,44.12
193,3,34,12,28,2024-09-26 13:48:54,2024-10-10 11:30:47,35.29
193,4,33,12,27,2024-10-10 11:35:57,2024-12-17 11:36:40,36.36
193,5,34,14,30,2024-12-20 09:03:00,2025-02-03 14:25:07,41.18
193,6,34,14,30,2025-02-04 10:10:05,2025-03-13 09:15:27,41.18
193,7,33,16,28,2025-03-13 10:44:22,2025-06-25 14:37:44,48.48
193,8,34,15,29,2025-06-26 10:47:35,2025-08-13 09:05:09,44.12
193,9,34,13,26,2025-08-13 13:18:18,2025-09-12 10:27:29,38.24
193,10,33,17,27,2025-09-12 12:56:03,2025-10-23 13:53:45,51.52
194,1,36,3,30,2023-10-26 13:52:35,2024-04-02 15:11:31,8.33
194,2,36,3,30,2024-04-03 09:47:28,2024-09-25 14:26:20,8.33
194,3,36,1,28,2024-09-25 14:38:48,2024-10-10 11:12:43,2.78
194,4,36,2,30,2024-10-10 11:21:14,2024-12-12 09:02:43,5.56
194,5,36,2,28,2024-12-13 10:36:29,2025-01-24 09:09:19,5.56
194,6,36,2,29,2025-01-24 11:27:45,2025-03-03 13:44:13,5.56
194,7,36,0,29,2025-03-05 10:29:14,2025-04-08 11:07:07,0.0
194,8,36,4,30,2025-04-08 13:43:41,2025-08-01 15:07:03,11.11
194,9,36,0,29,2025-08-04 12:39:02,2025-09-10 14:05:37,0.0
194,10,35,2,28,2025-09-11 10:05:29,2025-10-28 12:29:24,5.71
196,1,50,7,40,2023-10-26 16:06:55,2024-02-23 14:42:58,14.0
196,2,50,13,42,2024-02-26 09:45:11,2024-11-26 10:02:54,26.0
196,3,50,4,45,2024-11-26 10:18:40,2024-12-30 13:25:56,8.0
196,4,50,7,35,2024-12-31 12:46:36,2025-02-19 11:10:13,14.0
196,5,49,4,41,2025-02-19 11:43:02,2025-03-28 10:02:50,8.16
196,6,50,6,40,2025-03-28 11:54:13,2025-05-26 12:12:16,12.0
196,7,50,5,41,2025-05-27 10:34:22,2025-06-26 10:13:20,10.0
196,8,50,1,37,2025-06-26 12:08:53,2025-08-13 11:46:02,2.0
196,9,50,2,40,2025-08-13 13:28:35,2025-09-22 10:10:37,4.0
196,10,49,1,41,2025-09-22 11:20:25,2025-10-28 13:04:34,2.04
198,1,54,2,40,2023-10-27 10:58:59,2024-02-21 11:23:28,3.7
198,2,53,0,46,2024-02-21 12:44:02,2024-04-15 14:15:27,0.0
198,3,53,1,45,2024-04-16 09:42:43,2024-12-17 15:21:22,1.89
198,4,53,2,40,2024-12-17 15:45:43,2025-02-05 12:11:11,3.77
198,5,53,0,43,2025-02-06 09:36:29,2025-03-18 14:05:09,0.0
198,6,54,1,44,2025-03-18 15:08:31,2025-05-21 09:27:36,1.85
198,7,53,5,41,2025-05-21 12:44:58,2025-06-18 14:30:01,9.43
198,8,53,1,45,2025-06-23 10:59:12,2025-07-29 14:51:05,1.89
198,9,53,1,44,2025-07-30 10:29:52,2025-09-08 13:37:27,1.89
198,10,53,3,36,2025-09-08 13:50:57,2025-10-28 09:13:50,5.66
199,1,30,10,28,2023-10-27 09:12:28,2023-12-04 11:54:27,33.33
199,2,30,5,28,2023-12-04 14:26:31,2024-02-23 10:20:03,16.67
199,3,30,6,26,2024-02-23 11:04:18,2024-04-04 09:10:12,20.0
199,4,30,8,27,2024-04-04 09:20:47,2024-11-21 15:33:15,26.67
199,5,29,3,27,2024-11-22 11:16:21,2024-12-12 10:18:06,10.34
199,6,30,5,24,2024-12-12 10:18:15,2025-01-14 12:49:13,16.67
199,7,30,6,29,2025-01-14 13:28:59,2025-02-04 09:36:54,20.0
199,8,30,6,26,2025-02-04 10:03:15,2025-02-28 11:32:57,20.0
199,9,30,6,24,2025-02-28 14:55:50,2025-03-26 11:16:32,20.0
199,10,29,4,27,2025-03-26 14:28:27,2025-04-11 12:10:43,13.79
200,1,33,8,25,2023-10-30 10:05:37,2024-04-05 10:29:26,24.24
200,2,32,6,28,2024-04-08 11:27:45,2024-09-27 14:03:02,18.75
200,3,33,7,28,2024-09-27 14:07:03,2024-11-18 09:57:23,21.21
200,4,32,1,26,2024-11-18 11:04:02,2024-12-31 11:19:58,3.12
200,5,32,2,25,2025-01-03 10:42:31,2025-02-10 11:22:54,6.25
200,6,33,9,30,2025-02-11 09:04:14,2025-03-13 12:24:29,27.27
200,7,32,6,28,2025-03-13 13:07:22,2025-06-27 13:10:31,18.75
200,8,33,6,27,2025-06-27 14:21:23,2025-08-11 10:26:28,18.18
200,9,32,5,28,2025-08-11 11:59:53,2025-09-16 09:43:40,15.62
200,10,32,6,26,2025-09-16 11:53:37,2025-10-28 10:34:47,18.75
201,1,34,2,32,2023-10-30 13:07:28,2024-04-10 12:45:01,5.88
201,2,34,2,28,2024-04-10 14:04:39,2024-09-30 14:17:03,5.88
201,3,34,1,27,2024-09-30 15:03:54,2024-11-21 10:06:25,2.94
201,4,34,0,26,2024-11-26 14:04:00,2025-01-03 09:44:04,0.0
201,5,34,3,26,2025-01-03 12:58:27,2025-02-10 15:56:10,8.82
201,6,34,0,28,2025-02-11 13:06:06,2025-03-20 14:00:32,0.0
201,7,34,1,27,2025-03-20 15:31:24,2025-07-07 14:46:43,2.94
201,8,34,3,27,2025-07-08 13:13:30,2025-08-20 12:56:51,8.82
201,9,34,7,28,2025-08-21 12:39:13,2025-09-23 13:23:59,20.59
201,10,33,4,28,2025-09-25 11:03:46,2025-10-28 10:24:33,12.12
202,1,33,0,30,2023-11-03 15:51:36,2024-04-15 15:40:49,0.0
202,2,32,0,27,2024-04-17 11:21:42,2024-10-01 12:36:36,0.0
202,3,32,0,30,2024-10-02 09:22:32,2024-11-27 09:39:52,0.0
202,4,33,0,28,2024-11-27 13:22:50,2025-01-16 11:17:34,0.0
202,5,32,0,26,2025-01-17 11:21:47,2025-02-27 15:25:14,0.0
202,6,32,0,30,2025-02-28 14:22:46,2025-03-26 14:53:34,0.0
202,7,33,0,27,2025-03-27 09:34:42,2025-07-01 10:20:37,0.0
202,8,32,0,28,2025-07-01 12:03:27,2025-08-05 15:43:51,0.0
202,9,32,1,23,2025-08-06 11:48:35,2025-09-10 13:58:25,3.12
202,10,32,0,26,2025-09-11 09:07:04,2025-10-28 11:29:20,0.0
203,1,48,20,38,2023-11-07 09:13:34,2024-03-11 09:25:48,41.67
203,2,47,12,40,2024-03-11 10:22:34,2024-11-21 12:25:47,25.53
203,3,47,10,37,2024-11-21 12:40:30,2025-01-02 14:21:01,21.28
203,4,47,10,37,2025-01-03 09:39:13,2025-02-07 12:18:10,21.28
203,5,47,6,39,2025-02-10 09:39:29,2025-03-21 12:56:45,12.77
203,6,47,11,38,2025-03-25 10:15:00,2025-05-23 14:57:41,23.4
203,7,47,5,39,2025-05-23 16:05:28,2025-06-20 13:43:30,10.64
203,8,47,3,38,2025-06-20 15:32:21,2025-07-30 12:08:28,6.38
203,9,47,8,39,2025-07-30 15:05:59,2025-09-11 11:27:21,17.02
203,10,47,3,35,2025-09-11 11:46:12,2025-10-28 09:17:58,6.38
204,1,58,10,44,2023-11-07 09:27:05,2024-03-07 14:27:12,17.24
204,2,57,3,51,2024-03-08 10:30:10,2024-03-29 09:43:05,5.26
204,3,58,13,43,2024-03-29 15:44:47,2024-11-25 12:36:13,22.41
204,4,57,8,44,2024-11-25 16:06:22,2025-01-20 14:06:59,14.04
204,5,57,10,40,2025-01-21 10:56:29,2025-03-05 10:36:48,17.54
204,6,58,7,45,2025-03-07 09:51:41,2025-04-10 12:21:47,12.07
204,7,57,8,41,2025-04-10 12:30:27,2025-10-15 11:34:50,14.04
204,8,58,8,51,2025-10-21 15:55:02,2026-04-14 15:40:33,13.79
204,9,57,8,48,2026-04-15 09:20:56,2026-05-07 09:29:31,14.04
204,10,57,8,49,2026-05-07 11:10:12,2026-05-27 10:28:21,14.04
205,1,58,10,46,2023-11-06 15:38:32,2024-03-07 09:16:25,17.24
205,2,57,7,53,2024-03-07 12:32:25,2024-03-27 10:50:41,12.28
205,3,58,12,40,2024-03-27 14:14:28,2024-11-27 10:56:27,20.69
205,4,57,11,44,2024-11-28 09:08:43,2025-01-15 11:13:13,19.3
205,5,57,10,45,2025-01-15 12:24:52,2025-02-28 10:16:20,17.54
205,6,58,10,47,2025-02-28 11:32:39,2025-04-03 11:47:04,17.24
205,7,57,18,40,2025-04-03 15:33:31,2025-10-15 10:33:15,31.58
205,8,58,9,47,2025-10-15 13:02:41,2026-04-13 11:52:12,15.52
205,9,57,13,50,2026-04-13 11:53:23,2026-05-04 11:33:33,22.81
205,10,57,9,47,2026-05-04 12:03:59,2026-05-27 11:03:58,15.79
206,1,56,21,45,2023-11-06 11:02:48,2024-03-08 15:13:49,37.5
206,2,55,22,45,2024-03-08 15:22:55,2024-04-10 12:21:48,40.0
206,3,55,30,41,2024-04-10 14:54:36,2024-12-18 10:43:45,54.55
206,4,56,32,41,2024-12-18 11:13:41,2025-02-03 11:45:07,57.14
206,5,55,30,42,2025-02-05 09:37:22,2025-03-20 12:47:11,54.55
206,6,55,18,43,2025-03-21 10:09:20,2025-09-22 16:14:56,32.73
206,7,56,23,45,2025-09-23 11:51:38,2026-04-01 12:35:03,41.07
206,8,55,18,47,2026-04-01 12:52:52,2026-04-17 13:24:36,32.73
206,9,55,15,49,2026-04-17 13:29:41,2026-05-06 15:58:10,27.27
206,10,55,18,44,2026-05-07 09:10:32,2026-05-27 11:31:54,32.73
207,1,52,12,43,2023-11-06 11:58:33,2024-03-07 10:23:50,23.08
207,2,51,12,44,2024-03-07 11:06:32,2024-03-29 11:04:59,23.53
207,3,51,12,44,2024-03-29 12:16:38,2024-12-02 09:14:32,23.53
207,4,51,11,42,2024-12-03 14:22:25,2025-01-20 08:17:10,21.57
207,5,51,15,40,2025-01-21 12:04:14,2025-03-07 09:53:45,29.41
207,6,51,10,43,2025-03-07 10:02:58,2025-09-17 13:36:59,19.61
207,7,51,13,41,2025-09-17 15:14:11,2026-04-01 13:39:58,25.49
207,8,51,10,47,2026-04-01 13:53:23,2026-04-17 14:21:38,19.61
207,9,51,9,45,2026-04-17 14:36:20,2026-05-07 13:02:01,17.65
207,10,51,9,44,2026-05-07 15:30:19,2026-05-27 12:08:43,17.65
208,1,55,5,42,2023-11-06 11:57:43,2024-03-12 10:32:42,9.09
208,2,54,8,50,2024-03-13 09:13:21,2024-04-08 10:33:16,14.81
208,3,55,7,42,2024-04-09 12:37:55,2024-11-29 13:06:29,12.73
208,4,54,8,45,2024-12-02 09:11:45,2025-01-20 13:22:51,14.81
208,5,54,12,44,2025-01-20 15:24:37,2025-02-28 09:59:00,22.22
208,6,55,8,40,2025-02-28 10:23:00,2025-09-03 14:23:48,14.55
208,7,54,10,42,2025-09-04 11:41:13,2025-10-24 11:03:27,18.52
208,8,55,6,47,2025-10-24 11:58:01,2026-04-17 09:25:40,10.91
208,9,54,6,47,2026-04-17 14:08:51,2026-05-08 15:57:45,11.11
208,10,54,8,48,2026-05-11 09:46:56,2026-05-27 09:34:04,14.81
209,1,59,5,45,2023-11-07 09:54:44,2024-03-12 10:05:22,8.47
209,2,59,2,49,2024-03-12 12:53:51,2024-04-17 09:10:23,3.39
209,3,59,1,45,2024-04-18 11:31:24,2024-12-10 10:35:32,1.69
209,4,59,3,47,2024-12-10 15:18:31,2025-01-23 12:53:23,5.08
209,5,58,2,46,2025-01-24 10:20:14,2025-02-27 11:10:41,3.45
209,6,59,0,49,2025-02-27 13:59:36,2025-04-03 15:16:32,0.0
209,7,59,3,43,2025-04-04 09:45:13,2025-10-09 11:00:48,5.08
209,8,59,2,50,2025-10-09 15:50:08,2026-04-16 12:53:08,3.39
209,9,59,1,46,2026-04-17 09:22:31,2026-05-07 11:08:20,1.69
209,10,58,4,49,2026-05-07 11:20:28,2026-05-27 12:11:53,6.9
210,1,56,8,39,2023-11-07 09:06:56,2024-02-26 12:47:56,14.29
210,2,55,12,49,2024-02-26 12:52:51,2024-03-26 10:16:29,21.82
210,3,55,9,42,2024-03-26 10:28:35,2024-11-26 11:30:38,16.36
210,4,55,11,42,2024-11-26 12:45:43,2025-01-16 13:50:10,20.0
210,5,55,10,45,2025-01-17 13:01:36,2025-03-04 11:47:17,18.18
210,6,56,14,44,2025-03-04 14:52:03,2025-09-15 10:40:03,25.0
210,7,55,14,44,2025-09-15 12:13:21,2026-04-01 14:52:17,25.45
210,8,55,11,50,2026-04-01 15:50:14,2026-04-20 12:31:38,20.0
210,9,55,9,46,2026-04-21 09:45:39,2026-05-08 15:39:10,16.36
210,10,55,12,50,2026-05-11 12:08:36,2026-05-26 10:14:40,21.82
211,1,49,1,37,2023-11-27 11:01:37,2024-03-07 11:58:40,2.04
211,2,48,2,42,2024-03-07 13:07:35,2024-11-27 11:28:10,4.17
211,3,49,0,39,2024-11-27 12:47:38,2025-01-08 11:17:35,0.0
211,4,48,2,41,2025-01-09 10:20:33,2025-02-12 11:07:47,4.17
211,5,48,6,38,2025-02-12 11:44:44,2025-03-18 10:52:28,12.5
211,6,49,6,44,2025-03-18 14:02:26,2025-05-20 11:43:55,12.24
211,7,48,2,41,2025-05-20 15:20:16,2025-06-09 15:40:02,4.17
211,8,49,4,40,2025-06-10 13:38:52,2025-07-22 12:49:41,8.16
211,9,48,4,36,2025-07-24 10:19:47,2025-09-12 10:01:48,8.33
211,10,48,7,38,2025-09-15 12:19:55,2025-10-27 09:54:26,14.58
212,1,51,8,39,2023-11-27 11:41:13,2024-03-13 10:18:56,15.69
212,2,50,9,42,2024-03-13 12:09:51,2024-12-02 09:49:43,18.0
212,3,50,8,42,2024-12-03 11:16:22,2025-01-16 10:40:24,16.0
212,4,50,7,41,2025-01-17 09:41:26,2025-03-05 09:51:28,14.0
212,5,50,6,42,2025-03-05 10:12:17,2025-04-02 10:52:52,12.0
212,6,51,6,39,2025-04-02 15:28:14,2025-06-02 14:22:54,11.76
212,7,50,2,43,2025-06-03 09:19:33,2025-07-02 15:04:46,4.0
212,8,50,2,40,2025-07-03 09:24:44,2025-08-07 12:05:04,4.0
212,9,50,2,44,2025-08-07 14:28:32,2025-09-11 12:39:40,4.0
212,10,50,1,44,2025-09-11 14:23:03,2025-10-28 11:22:08,2.0
213,1,49,8,40,2023-11-27 10:00:45,2024-03-08 13:12:05,16.33
213,2,48,5,40,2024-03-11 10:41:45,2024-11-25 11:08:00,10.42
213,3,49,5,40,2024-11-25 14:50:12,2025-01-13 10:39:20,10.2
213,4,48,6,39,2025-01-14 10:52:23,2025-02-14 09:39:14,12.5
213,5,48,9,40,2025-02-14 10:45:44,2025-03-17 13:36:10,18.75
213,6,49,3,37,2025-03-17 14:14:38,2025-05-22 10:24:45,6.12
213,7,48,0,38,2025-05-22 11:53:37,2025-06-26 12:53:24,0.0
213,8,49,7,41,2025-06-26 15:19:40,2025-08-04 09:49:03,14.29
213,9,48,6,36,2025-08-04 11:14:07,2025-09-09 09:14:00,12.5
213,10,48,5,40,2025-09-09 14:35:23,2025-10-28 11:24:16,10.42
214,1,43,11,35,2023-11-27 10:41:32,2024-03-06 11:32:20,25.58
214,2,43,4,37,2024-03-06 12:07:58,2024-11-21 11:12:48,9.3
214,3,43,3,34,2024-11-21 15:07:18,2025-01-10 10:18:15,6.98
214,4,43,4,37,2025-01-10 10:47:30,2025-02-19 15:39:31,9.3
214,5,43,7,32,2025-02-21 12:19:58,2025-03-27 11:29:01,16.28
214,6,43,6,38,2025-03-27 11:32:47,2025-05-28 13:27:11,13.95
214,7,43,6,37,2025-05-28 14:22:32,2025-07-01 09:38:28,13.95
214,8,43,5,36,2025-07-01 09:48:56,2025-07-31 11:23:27,11.63
214,9,43,9,34,2025-08-01 09:28:23,2025-09-09 15:14:59,20.93
214,10,42,7,35,2025-09-10 10:46:54,2025-10-27 15:57:52,16.67
215,1,35,6,30,2023-11-28 09:52:50,2024-04-15 13:12:23,17.14
215,2,34,5,32,2024-04-16 09:21:45,2024-10-01 09:24:48,14.71
215,3,34,3,30,2024-10-01 10:06:02,2024-11-19 14:09:22,8.82
215,4,34,2,31,2024-11-21 09:59:52,2024-12-24 12:10:11,5.88
215,5,34,4,27,2024-12-27 09:07:22,2025-01-30 09:56:09,11.76
215,6,34,1,27,2025-01-30 10:24:38,2025-03-18 11:41:10,2.94
215,7,34,2,29,2025-03-19 09:34:23,2025-06-20 13:58:25,5.88
215,8,34,2,26,2025-06-24 10:37:22,2025-08-08 09:40:25,5.88
215,9,34,5,30,2025-08-08 11:52:04,2025-09-09 12:57:21,14.71
215,10,34,3,24,2025-09-10 14:20:30,2025-10-24 15:53:10,8.82
216,1,25,2,21,2023-11-28 14:56:26,2024-03-07 14:18:20,8.0
216,2,24,1,20,2024-03-08 14:13:45,2024-11-22 11:53:34,4.17
216,3,25,4,20,2024-11-22 15:23:41,2025-01-02 12:16:11,16.0
216,4,24,6,19,2025-01-02 13:27:07,2025-02-12 11:28:04,25.0
216,5,24,6,19,2025-02-13 12:57:15,2025-03-17 10:16:59,25.0
216,6,25,7,21,2025-03-17 11:16:46,2025-05-30 15:27:11,28.0
216,7,24,2,19,2025-06-02 09:19:40,2025-06-23 10:54:14,8.33
216,8,25,2,22,2025-06-24 15:29:31,2025-07-22 09:20:43,8.0
216,9,24,0,20,2025-07-25 12:54:26,2025-09-08 09:37:11,0.0
216,10,24,2,19,2025-09-08 10:43:47,2025-10-24 10:35:15,8.33
217,1,25,2,22,2023-12-01 15:41:26,2024-02-23 10:29:00,8.0
217,2,25,2,24,2024-02-23 11:11:36,2024-03-29 11:43:16,8.0
217,3,25,3,23,2024-03-29 15:21:06,2024-11-18 15:08:09,12.0
217,4,25,3,25,2024-11-19 10:36:42,2024-12-06 13:46:49,12.0
217,5,25,1,20,2024-12-06 15:03:34,2025-01-02 10:33:46,4.0
217,6,25,2,22,2025-01-03 09:34:09,2025-01-28 13:26:51,8.0
217,7,25,2,24,2025-01-29 09:51:24,2025-02-14 11:25:53,8.0
217,8,25,0,23,2025-02-14 12:54:05,2025-03-10 11:21:18,0.0
217,9,25,0,25,2025-03-10 12:01:25,2025-03-25 11:36:47,0.0
217,10,25,2,21,2025-03-25 12:27:19,2025-04-14 09:26:50,8.0
218,1,47,7,39,2023-12-01 15:48:55,2024-03-14 11:47:46,14.89
218,2,47,7,39,2024-03-28 09:10:41,2024-11-27 12:40:16,14.89
218,3,47,10,40,2024-11-27 15:07:46,2025-01-07 14:46:21,21.28
218,4,47,8,37,2025-01-08 10:14:27,2025-02-18 15:36:13,17.02
218,5,47,17,37,2025-02-19 10:58:41,2025-03-27 13:41:58,36.17
218,6,47,13,36,2025-03-28 12:34:13,2025-05-29 13:48:47,27.66
218,7,47,12,36,2025-05-30 09:17:21,2025-06-30 15:21:51,25.53
218,8,47,15,36,2025-07-01 12:03:52,2025-08-04 12:39:15,31.91
218,9,47,14,40,2025-08-04 15:26:33,2025-09-16 10:52:02,29.79
218,10,47,8,36,2025-09-16 11:00:31,2025-10-28 11:39:55,17.02
219,1,49,5,42,2023-12-04 10:53:08,2024-03-14 12:42:09,10.2
219,2,48,2,41,2024-03-14 13:08:43,2024-12-02 11:32:42,4.17
219,3,48,2,40,2024-12-03 12:11:57,2025-01-15 11:08:10,4.17
219,4,49,7,43,2025-01-16 10:46:58,2025-02-24 14:08:08,14.29
219,5,48,3,39,2025-02-25 09:39:21,2025-03-27 12:38:04,6.25
219,6,48,3,37,2025-03-28 13:15:03,2025-05-27 11:02:43,6.25
219,7,49,2,42,2025-05-27 14:58:40,2025-06-18 10:00:01,4.08
219,8,48,5,35,2025-06-20 10:53:28,2025-08-06 10:28:11,10.42
219,9,48,3,40,2025-08-08 14:02:30,2025-09-15 13:49:07,6.25
219,10,48,3,41,2025-09-16 13:56:19,2025-10-28 11:55:16,6.25
220,1,47,9,40,2024-02-20 09:45:25,2024-04-09 13:18:37,19.15
220,2,47,4,41,2024-04-10 15:38:47,2024-12-12 15:23:31,8.51
220,3,47,6,38,2024-12-13 09:16:22,2025-01-28 12:41:38,12.77
220,4,47,2,39,2025-01-28 14:55:31,2025-03-07 14:52:32,4.26
220,5,47,4,36,2025-03-11 09:47:40,2025-04-08 11:33:16,8.51
220,6,47,2,41,2025-04-08 14:41:12,2025-06-05 11:16:38,4.26
220,7,47,2,39,2025-06-05 12:10:55,2025-07-11 10:23:25,4.26
220,8,47,1,38,2025-07-11 13:11:06,2025-08-11 15:54:37,2.13
220,9,47,1,39,2025-08-12 10:42:23,2025-09-17 13:37:19,2.13
220,10,46,1,39,2025-09-17 15:39:41,2025-10-28 10:58:41,2.17
221,1,43,2,33,2024-01-08 15:42:17,2024-04-10 10:44:00,4.65
221,2,43,1,38,2024-04-10 11:51:28,2024-12-20 15:10:52,2.33
221,3,43,2,37,2024-12-23 10:06:36,2025-01-28 09:33:38,4.65
221,4,42,2,35,2025-01-28 10:56:57,2025-03-03 10:47:01,4.76
221,5,43,5,35,2025-03-06 11:11:21,2025-04-03 10:08:12,11.63
221,6,43,3,35,2025-04-03 12:14:57,2025-05-29 11:14:49,6.98
221,7,42,1,32,2025-05-29 12:19:56,2025-06-25 11:44:11,2.38
221,8,43,2,37,2025-06-25 12:13:28,2025-07-30 11:27:36,4.65
221,9,43,7,37,2025-07-31 10:32:13,2025-09-15 14:59:36,16.28
221,10,42,2,34,2025-09-17 12:12:11,2025-10-28 11:43:42,4.76
222,1,45,9,37,2024-02-20 10:39:42,2024-04-03 11:39:26,20.0
222,2,44,9,37,2024-04-03 13:23:18,2024-11-27 11:35:01,20.45
222,3,44,11,35,2024-11-28 09:49:58,2025-01-16 14:30:10,25.0
222,4,45,11,36,2025-01-17 09:33:53,2025-03-04 10:09:46,24.44
222,5,44,11,35,2025-03-05 11:02:53,2025-04-08 11:01:30,25.0
222,6,44,8,37,2025-04-08 13:45:20,2025-06-02 11:02:00,18.18
222,7,45,8,35,2025-06-02 12:32:17,2025-07-01 10:48:46,17.78
222,8,44,8,34,2025-07-01 12:33:12,2025-08-06 12:09:26,18.18
222,9,44,6,35,2025-08-08 10:59:14,2025-09-12 11:26:00,13.64
222,10,44,12,38,2025-09-12 11:55:06,2025-10-27 10:28:06,27.27
223,1,26,2,26,2024-03-14 10:32:23,2024-03-21 11:08:36,7.69
223,2,25,5,25,2024-03-21 13:13:24,2024-03-27 13:34:45,20.0
223,3,25,3,21,2024-03-27 14:46:54,2024-11-25 14:22:59,12.0
223,4,25,3,24,2024-11-25 15:43:40,2024-12-12 10:16:44,12.0
223,5,25,1,25,2024-12-12 11:15:14,2024-12-30 12:03:47,4.0
223,6,26,1,25,2024-12-31 11:11:48,2025-01-20 14:00:08,3.85
223,7,25,1,24,2025-01-21 10:05:12,2025-02-11 09:52:12,4.0
223,8,25,1,25,2025-02-12 11:01:52,2025-03-07 13:03:59,4.0
223,9,25,3,24,2025-03-07 13:24:06,2025-03-25 14:09:18,12.0
223,10,25,1,22,2025-03-25 15:13:16,2025-04-11 15:06:34,4.0
225,1,18,6,18,2024-03-11 09:22:33,2024-03-18 12:18:45,33.33
225,2,18,4,18,2024-03-18 15:17:53,2024-03-22 11:34:30,22.22
225,3,18,6,18,2024-03-22 12:30:58,2024-03-27 11:52:18,33.33
225,4,18,1,17,2024-03-27 13:07:50,2024-04-16 15:41:57,5.56
225,5,17,5,16,2024-04-17 10:24:02,2024-11-21 13:46:55,29.41
225,6,18,4,17,2024-11-21 14:31:21,2024-12-06 11:54:41,22.22
225,7,18,0,16,2024-12-11 14:47:39,2024-12-30 10:16:56,0.0
225,8,18,5,18,2024-12-30 11:16:34,2025-01-15 13:04:10,27.78
225,9,18,6,18,2025-01-16 09:37:26,2025-01-28 15:23:03,33.33
225,10,17,7,17,2025-01-29 11:10:43,2025-02-11 11:52:23,41.18
227,1,19,2,19,2024-03-11 09:06:18,2024-03-19 10:31:00,10.53
227,2,18,2,18,2024-03-19 12:37:47,2024-03-22 13:05:41,11.11
227,3,19,2,19,2024-03-22 14:26:38,2024-03-27 11:35:11,10.53
227,4,18,2,18,2024-03-27 13:03:14,2024-04-17 14:22:52,11.11
227,5,19,2,17,2024-04-18 10:49:23,2024-11-25 14:43:25,10.53
227,6,18,1,18,2024-11-26 10:10:12,2024-12-09 12:15:09,5.56
227,7,19,4,19,2024-12-10 12:42:41,2024-12-30 10:43:38,21.05
227,8,18,1,18,2024-12-30 11:16:51,2025-01-13 11:55:30,5.56
227,9,19,1,19,2025-01-13 15:28:14,2025-01-29 10:07:45,5.26
227,10,18,1,18,2025-01-29 10:08:07,2025-02-11 14:39:18,5.56
228,1,20,6,20,2024-03-11 11:24:41,2024-03-18 09:25:46,30.0
228,2,19,3,18,2024-03-18 10:56:02,2024-03-21 12:39:49,15.79
228,3,20,2,20,2024-03-22 10:09:22,2024-03-26 15:15:21,10.0
228,4,19,2,18,2024-03-26 15:16:42,2024-04-10 12:15:56,10.53
228,5,19,3,18,2024-04-11 09:16:43,2024-11-20 15:17:03,15.79
228,6,20,5,20,2024-11-21 12:24:59,2024-12-04 10:28:42,25.0
228,7,19,3,19,2024-12-04 11:02:19,2024-12-17 11:08:41,15.79
228,8,20,8,18,2024-12-17 13:33:21,2025-01-13 10:04:36,40.0
228,9,19,6,17,2025-01-13 11:44:06,2025-01-27 10:24:28,31.58
228,10,19,8,19,2025-01-28 10:14:37,2025-02-11 10:12:58,42.11
229,1,19,4,19,2024-03-11 09:44:35,2024-03-18 10:37:16,21.05
229,2,18,1,18,2024-03-18 11:12:43,2024-03-20 14:14:27,5.56
229,3,19,1,19,2024-03-20 15:04:43,2024-03-26 14:37:39,5.26
229,4,18,2,18,2024-03-26 14:58:25,2024-04-08 15:29:39,11.11
229,5,18,4,17,2024-04-11 11:17:01,2024-11-21 09:45:24,22.22
229,6,19,1,18,2024-11-21 10:12:53,2024-12-05 13:13:22,5.26
229,7,18,3,17,2024-12-06 14:31:37,2024-12-24 10:46:25,16.67
229,8,19,5,17,2024-12-24 10:46:28,2025-01-14 09:26:35,26.32
229,9,18,3,17,2025-01-14 09:38:43,2025-01-28 15:16:43,16.67
229,10,18,1,18,2025-01-29 11:14:05,2025-02-11 10:26:19,5.56
230,1,17,4,17,2024-03-11 10:12:26,2024-03-19 10:15:55,23.53
230,2,17,4,17,2024-03-19 10:56:50,2024-03-22 12:47:22,23.53
230,3,16,0,16,2024-03-25 10:27:34,2024-04-02 11:31:41,0.0
230,4,17,1,17,2024-04-04 09:30:24,2024-11-15 13:24:06,5.88
230,5,16,3,16,2024-11-15 14:06:37,2024-11-28 13:48:21,18.75
230,6,17,3,17,2024-12-02 12:37:28,2024-12-12 10:05:11,17.65
230,7,17,1,16,2024-12-12 12:16:30,2024-12-30 13:06:35,5.88
230,8,16,2,15,2024-12-30 14:00:51,2025-01-14 11:56:22,12.5
230,9,17,1,17,2025-01-14 14:06:21,2025-01-23 09:18:18,5.88
230,10,16,1,16,2025-01-23 11:22:37,2025-02-10 11:56:25,6.25
240,1,24,5,24,2024-03-14 12:56:37,2024-03-20 10:34:39,20.83
240,2,23,3,23,2024-03-20 11:12:59,2024-03-26 12:03:04,13.04
240,3,24,0,23,2024-03-26 12:53:55,2024-04-17 11:24:06,0.0
240,4,23,6,20,2024-04-18 09:16:07,2024-12-05 10:14:15,26.09
240,5,23,2,19,2024-12-09 10:44:42,2025-01-02 09:03:43,8.7
240,6,24,4,22,2025-01-02 09:34:52,2025-01-24 13:33:45,16.67
240,7,23,3,21,2025-01-27 14:02:52,2025-02-17 11:58:12,13.04
240,8,24,9,23,2025-02-17 12:36:58,2025-03-06 11:46:23,37.5
240,9,23,2,23,2025-03-07 09:23:07,2025-03-24 11:26:50,8.7
240,10,23,2,22,2025-03-25 11:44:05,2025-04-10 14:47:48,8.7
242,1,31,12,27,2024-09-20 12:45:10,2024-09-30 14:05:44,38.71
242,2,31,5,28,2024-09-30 14:25:59,2024-11-19 15:18:05,16.13
242,3,31,6,27,2024-11-20 13:09:36,2024-12-13 10:51:20,19.35
242,4,31,5,27,2024-12-13 14:55:40,2025-01-21 15:02:09,16.13
242,5,30,5,23,2025-01-22 10:58:44,2025-03-11 14:35:56,16.67
242,6,31,1,23,2025-03-12 12:35:21,2025-04-07 11:35:17,3.23
242,7,31,8,26,2025-04-07 12:14:49,2025-07-09 09:51:18,25.81
242,8,31,8,25,2025-07-09 10:04:58,2025-08-05 09:19:53,25.81
242,9,31,6,26,2025-08-07 10:38:33,2025-09-10 13:53:45,19.35
242,10,30,5,29,2025-09-15 09:35:55,2025-10-28 10:14:36,16.67
243,1,21,1,20,2024-11-15 13:17:00,2024-12-02 11:00:55,4.76
243,2,21,0,21,2024-12-03 11:52:09,2024-12-12 13:54:25,0.0
243,3,21,0,20,2024-12-12 15:42:24,2025-01-02 12:52:50,0.0
243,4,21,0,20,2025-01-07 12:13:16,2025-01-17 11:21:58,0.0
243,5,21,0,20,2025-01-17 12:28:51,2025-02-05 12:38:45,0.0
243,6,21,1,21,2025-02-05 12:55:35,2025-02-18 10:07:02,4.76
243,7,21,2,20,2025-02-18 10:17:36,2025-03-04 12:38:34,9.52
243,8,21,2,21,2025-03-04 14:51:22,2025-03-17 13:06:07,9.52
243,9,21,0,21,2025-03-17 13:22:06,2025-04-01 09:39:37,0.0
243,10,20,0,20,2025-04-01 11:45:53,2025-04-14 09:26:16,0.0
244,1,12,1,12,2024-11-15 13:06:25,2024-12-04 09:15:06,8.33
244,2,12,0,12,2024-12-04 10:48:37,2024-12-13 09:48:46,0.0
244,3,12,0,11,2024-12-13 15:47:31,2025-01-02 10:53:26,0.0
244,4,12,0,12,2025-01-07 13:42:58,2025-01-20 11:53:10,0.0
244,5,12,0,12,2025-01-20 13:21:10,2025-02-04 13:36:30,0.0
244,6,12,1,12,2025-02-06 10:30:24,2025-02-25 15:05:57,8.33
244,7,12,0,12,2025-02-25 15:47:11,2025-03-10 12:01:24,0.0
244,8,12,1,12,2025-03-11 09:21:27,2025-03-21 09:26:15,8.33
244,9,12,0,12,2025-03-21 10:00:55,2025-04-02 11:11:55,0.0
244,10,11,0,11,2025-04-02 12:02:45,2025-04-11 09:16:56,0.0
246,1,11,1,11,2024-11-18 16:02:59,2024-12-02 12:30:43,9.09
246,2,11,1,11,2024-12-04 11:47:36,2024-12-16 13:19:12,9.09
246,3,10,1,9,2024-12-17 12:45:34,2025-01-02 13:47:32,10.0
246,4,11,2,11,2025-01-03 11:23:33,2025-01-17 13:29:32,18.18
246,5,10,0,10,2025-01-17 14:18:37,2025-01-29 13:24:53,0.0
246,6,11,6,11,2025-01-30 09:29:00,2025-02-12 10:49:31,54.55
246,7,11,0,11,2025-02-12 12:31:59,2025-02-27 15:27:06,0.0
246,8,10,2,10,2025-03-03 09:25:19,2025-03-10 15:24:38,20.0
246,9,11,1,11,2025-03-11 14:17:58,2025-03-25 09:35:02,9.09
246,10,10,1,10,2025-03-27 13:49:04,2025-04-11 14:40:41,10.0
247,1,33,1,30,2024-11-18 09:46:52,2024-12-06 14:22:38,3.03
247,2,33,0,29,2024-12-09 11:54:27,2025-01-13 09:21:02,0.0
247,3,32,2,30,2025-01-13 11:26:53,2025-02-05 10:01:27,6.25
247,4,33,2,30,2025-02-05 13:46:54,2025-02-27 11:43:57,6.06
247,5,32,1,30,2025-02-28 11:34:26,2025-03-28 13:41:22,3.12
247,6,33,1,28,2025-03-31 10:58:19,2025-07-01 09:18:32,3.03
247,7,33,0,29,2025-07-02 10:18:04,2025-07-24 15:30:07,0.0
247,8,32,0,30,2025-07-28 09:50:56,2025-08-22 13:13:18,0.0
247,9,33,1,29,2025-08-22 14:14:03,2025-09-25 09:43:18,3.03
247,10,32,0,27,2025-09-29 09:23:22,2025-10-27 15:31:03,0.0
248,1,13,0,13,2024-12-05 09:32:54,2024-12-17 12:54:57,0.0
248,2,13,0,12,2024-12-18 14:00:35,2025-01-03 10:56:32,0.0
248,3,13,0,13,2025-01-03 15:37:43,2025-01-17 15:08:30,0.0
248,4,13,0,13,2025-01-17 15:39:36,2025-01-30 12:49:34,0.0
248,5,12,0,12,2025-01-30 13:15:01,2025-02-11 14:08:33,0.0
248,6,13,0,13,2025-02-11 14:30:56,2025-02-27 12:56:27,0.0
248,7,13,0,13,2025-02-28 10:25:06,2025-03-14 10:21:46,0.0
248,8,13,0,13,2025-03-17 13:26:45,2025-03-25 10:14:23,0.0
248,9,13,0,13,2025-03-25 10:30:37,2025-03-31 13:16:41,0.0
248,10,12,0,12,2025-04-01 10:02:27,2025-04-11 14:18:42,0.0
249,1,22,0,17,2024-12-09 09:33:25,2025-01-21 12:57:19,0.0
249,2,22,0,21,2025-01-21 14:10:22,2025-02-06 12:34:22,0.0
249,3,22,0,19,2025-02-06 13:07:49,2025-03-05 10:22:19,0.0
249,4,22,0,19,2025-03-05 12:41:29,2025-03-27 10:23:41,0.0
249,5,22,0,20,2025-03-27 15:55:29,2025-06-23 13:36:20,0.0
249,6,22,0,22,2025-06-23 15:07:18,2025-07-11 11:28:22,0.0
249,7,22,0,22,2025-07-11 12:13:26,2025-08-01 09:18:36,0.0
249,8,22,0,20,2025-08-04 09:57:29,2025-09-04 13:06:14,0.0
249,9,22,0,20,2025-09-04 14:24:18,2025-09-30 11:34:21,0.0
249,10,22,0,18,2025-09-30 12:09:27,2025-10-24 10:22:32,0.0
251,1,25,5,25,2025-05-12 14:18:18,2025-05-12 15:44:12,20.0
251,2,24,1,22,2025-05-12 15:44:14,2025-05-13 12:01:30,4.17
251,3,24,2,24,2025-05-13 13:03:26,2025-05-27 10:29:13,8.33
251,4,25,2,23,2025-05-28 10:51:00,2025-06-10 11:55:49,8.0
251,5,24,2,21,2025-06-10 14:24:02,2025-07-01 10:19:52,8.33
251,6,24,2,23,2025-07-03 10:01:32,2025-07-21 11:23:38,8.33
251,7,25,2,24,2025-07-21 11:56:23,2025-08-18 09:17:56,8.0
251,8,24,4,22,2025-08-19 10:09:40,2025-09-10 10:16:46,16.67
251,9,24,2,21,2025-09-10 10:24:40,2025-10-01 15:36:20,8.33
251,10,24,3,23,2025-10-03 09:41:37,2025-10-27 15:46:35,12.5
252,1,26,1,26,2025-05-12 14:36:14,2025-05-13 09:11:31,3.85
252,2,26,5,26,2025-05-13 09:11:55,2025-05-14 09:35:38,19.23
252,3,26,3,24,2025-05-14 10:25:50,2025-05-29 09:16:06,11.54
252,4,26,1,26,2025-05-29 09:19:07,2025-06-12 14:30:46,3.85
252,5,26,1,25,2025-06-13 09:02:50,2025-07-03 09:58:10,3.85
252,6,26,1,24,2025-07-04 15:05:02,2025-07-28 14:50:39,3.85
252,7,26,3,26,2025-07-29 09:49:04,2025-08-25 12:51:29,11.54
252,8,26,1,25,2025-08-26 12:58:47,2025-09-16 09:46:13,3.85
252,9,26,0,24,2025-09-16 10:05:03,2025-10-06 10:08:32,0.0
252,10,25,4,21,2025-10-07 10:13:25,2025-10-28 12:01:26,16.0
253,1,27,10,27,2025-05-13 10:16:26,2025-05-13 12:52:10,37.04
253,2,26,2,26,2025-05-13 13:00:27,2025-05-15 11:40:14,7.69
253,3,26,2,25,2025-05-15 13:25:38,2025-05-30 13:27:16,7.69
253,4,26,4,25,2025-05-30 13:55:39,2025-06-17 10:52:13,15.38
253,5,26,3,23,2025-06-17 12:42:21,2025-07-08 15:31:02,11.54
253,6,26,2,25,2025-07-09 12:40:29,2025-07-29 09:55:40,7.69
253,7,26,2,24,2025-07-29 10:05:27,2025-08-13 12:45:38,7.69
253,8,26,5,25,2025-08-14 15:01:57,2025-09-02 11:29:47,19.23
253,9,26,4,25,2025-09-03 12:24:38,2025-10-01 12:40:33,15.38
253,10,26,2,22,2025-10-03 12:16:37,2025-10-28 11:07:42,7.69
254,1,27,1,26,2025-05-13 10:49:26,2025-05-13 14:10:24,3.7
254,2,26,1,26,2025-05-13 14:11:02,2025-05-15 11:24:35,3.85
254,3,27,1,26,2025-05-15 12:12:42,2025-06-02 09:39:00,3.7
254,4,26,3,26,2025-06-02 09:47:26,2025-06-18 11:03:43,11.54
254,5,26,1,25,2025-06-18 11:30:45,2025-07-10 11:04:43,3.85
254,6,27,3,23,2025-07-10 11:18:09,2025-07-29 15:32:19,11.11
254,7,26,1,22,2025-07-30 09:41:35,2025-08-28 09:48:27,3.85
254,8,27,3,24,2025-08-28 09:53:54,2025-09-23 11:37:24,11.11
254,9,26,2,26,2025-09-23 15:41:42,2025-10-09 11:17:08,7.69
254,10,26,3,25,2025-10-10 12:31:40,2025-10-28 13:07:04,11.54
255,1,26,5,26,2025-05-13 11:54:32,2025-05-13 15:15:28,19.23
255,2,26,0,26,2025-05-13 15:16:01,2025-05-15 10:41:53,0.0
255,3,25,0,24,2025-05-15 11:40:55,2025-05-30 09:12:12,0.0
255,4,26,4,26,2025-05-30 11:45:30,2025-06-11 13:33:56,15.38
255,5,25,3,23,2025-06-11 15:36:22,2025-07-03 12:02:37,12.0
255,6,26,0,23,2025-07-07 09:23:44,2025-07-29 13:41:31,0.0
255,7,26,5,25,2025-07-30 09:48:05,2025-08-22 12:07:46,19.23
255,8,25,3,24,2025-08-26 09:04:35,2025-09-12 15:30:37,12.0
255,9,26,5,20,2025-09-15 12:33:25,2025-10-09 10:01:30,19.23
255,10,25,1,24,2025-10-09 11:35:29,2025-10-28 10:18:47,4.0
256,1,27,3,27,2025-05-13 15:41:23,2025-05-14 12:37:24,11.11
256,2,26,5,23,2025-05-14 12:42:40,2025-05-16 09:08:57,19.23
256,3,27,2,26,2025-05-16 10:35:13,2025-06-05 10:01:57,7.41
256,4,26,5,26,2025-06-06 09:49:46,2025-06-16 14:25:00,19.23
256,5,26,5,26,2025-06-17 10:00:50,2025-07-11 10:15:33,19.23
256,6,27,7,25,2025-07-15 14:31:40,2025-08-05 11:45:57,25.93
256,7,26,4,25,2025-08-06 12:16:23,2025-08-28 11:56:34,15.38
256,8,27,2,25,2025-08-28 13:16:16,2025-09-12 14:04:44,7.41
256,9,26,1,24,2025-09-15 12:54:18,2025-10-07 12:46:18,3.85
256,10,26,2,25,2025-10-07 15:28:16,2025-10-27 11:08:30,7.69
257,1,16,7,16,2025-05-13 15:52:34,2025-05-14 11:27:12,43.75
257,2,16,4,16,2025-05-14 11:30:54,2025-05-14 14:24:48,25.0
257,3,16,3,16,2025-05-14 14:44:58,2025-05-15 16:07:58,18.75
257,4,16,1,15,2025-05-16 10:40:48,2025-05-28 12:28:51,6.25
257,5,16,3,16,2025-05-29 12:39:49,2025-06-06 12:12:46,18.75
257,6,16,1,16,2025-06-09 10:06:46,2025-06-17 14:06:33,6.25
257,7,16,4,16,2025-06-18 11:20:09,2025-07-02 12:55:13,25.0
257,8,16,4,16,2025-07-02 14:20:11,2025-07-16 13:34:13,25.0
257,9,16,7,16,2025-07-16 14:26:59,2025-07-30 09:47:50,43.75
257,10,15,6,15,2025-07-30 10:29:07,2025-08-08 14:02:45,40.0
258,1,18,11,18,2025-05-13 15:50:50,2025-05-14 12:31:35,61.11
258,2,18,7,18,2025-05-14 12:38:12,2025-05-14 15:28:42,38.89
258,3,18,3,18,2025-05-14 15:34:42,2025-05-15 16:04:18,16.67
258,4,18,6,18,2025-05-16 10:09:27,2025-05-27 12:40:16,33.33
258,5,18,3,18,2025-05-27 13:08:55,2025-06-06 09:40:49,16.67
258,6,18,5,18,2025-06-06 10:01:21,2025-06-13 09:37:57,27.78
258,7,18,2,18,2025-06-17 09:15:20,2025-06-30 11:57:32,11.11
258,8,18,3,17,2025-07-01 12:41:24,2025-07-16 12:37:12,16.67
258,9,18,7,18,2025-07-17 14:06:47,2025-07-30 11:48:54,38.89
258,10,17,2,17,2025-07-30 13:06:31,2025-08-08 12:45:01,11.76
259,1,21,9,21,2025-05-15 15:53:16,2025-05-16 14:36:35,42.86
259,2,21,7,20,2025-05-16 16:27:03,2025-05-29 09:46:22,33.33
259,3,21,8,20,2025-05-29 10:35:12,2025-06-10 09:34:22,38.1
259,4,21,9,20,2025-06-11 09:11:59,2025-06-26 11:14:15,42.86
259,5,20,4,18,2025-06-26 11:18:17,2025-07-16 11:41:03,20.0
259,6,21,12,21,2025-07-17 10:59:35,2025-08-06 12:36:00,57.14
259,7,21,5,19,2025-08-07 10:13:58,2025-08-26 13:04:24,23.81
259,8,21,8,21,2025-08-27 14:00:41,2025-09-16 09:30:35,38.1
259,9,21,9,20,2025-09-16 15:31:54,2025-10-06 11:06:53,42.86
259,10,20,8,16,2025-10-06 13:12:08,2025-10-28 10:42:44,40.0
260,1,23,13,22,2025-05-16 09:00:50,2025-05-16 11:45:17,56.52
260,2,22,4,22,2025-05-16 12:47:34,2025-05-29 11:35:53,18.18
260,3,23,1,23,2025-05-29 14:05:14,2025-06-10 11:48:52,4.35
260,4,22,6,21,2025-06-11 09:57:43,2025-06-27 09:46:48,27.27
260,5,22,1,22,2025-06-27 11:15:01,2025-07-18 10:52:16,4.55
260,6,23,2,22,2025-07-18 11:54:54,2025-08-06 12:23:42,8.7
260,7,22,2,21,2025-08-07 10:19:25,2025-08-28 12:17:46,9.09
260,8,23,3,22,2025-08-28 12:26:31,2025-09-19 14:02:37,13.04
260,9,22,4,22,2025-09-22 09:07:44,2025-10-03 10:17:08,18.18
260,10,22,3,21,2025-10-03 13:49:01,2025-10-27 09:07:50,13.64
261,1,22,9,22,2025-05-16 10:50:54,2025-05-26 11:40:52,40.91
261,2,21,10,19,2025-05-26 15:49:31,2025-06-10 09:26:31,47.62
261,3,22,13,21,2025-06-10 13:00:28,2025-06-23 15:13:55,59.09
261,4,21,4,20,2025-06-24 11:23:34,2025-07-10 10:17:43,19.05
261,5,21,7,20,2025-07-10 11:21:55,2025-07-29 13:02:35,33.33
261,6,22,6,22,2025-07-30 09:08:44,2025-08-13 10:39:14,27.27
261,7,21,10,21,2025-08-14 15:32:51,2025-08-27 15:49:10,47.62
261,8,22,7,20,2025-08-28 09:53:41,2025-09-24 13:16:20,31.82
261,9,21,8,21,2025-09-25 11:38:47,2025-10-10 10:09:02,38.1
261,10,21,8,21,2025-10-10 15:27:58,2025-10-28 11:08:11,38.1
262,1,20,4,20,2025-05-16 14:27:02,2025-05-28 14:11:50,20.0
262,2,20,3,20,2025-05-29 09:23:25,2025-06-11 13:52:33,15.0
262,3,20,0,19,2025-06-13 09:02:15,2025-06-24 15:15:26,0.0
262,4,20,1,19,2025-06-25 09:44:47,2025-07-07 15:29:14,5.0
262,5,19,2,16,2025-07-08 11:56:10,2025-07-25 09:08:10,10.53
262,6,20,3,19,2025-07-25 10:57:58,2025-08-14 12:05:15,15.0
262,7,20,4,20,2025-08-14 12:10:16,2025-09-02 14:16:18,20.0
262,8,20,2,19,2025-09-03 11:50:18,2025-09-24 09:46:04,10.0
262,9,20,3,19,2025-09-24 13:06:56,2025-10-09 13:01:57,15.0
262,10,19,1,19,2025-10-10 10:07:16,2025-10-27 09:17:07,5.26
264,1,11,3,11,2025-06-06 10:29:35,2025-06-16 10:41:03,27.27
264,2,11,2,11,2025-06-16 10:45:33,2025-06-23 09:39:40,18.18
264,3,11,3,10,2025-06-24 10:30:23,2025-07-07 09:45:17,27.27
264,4,11,3,11,2025-07-07 12:06:08,2025-07-23 09:43:40,27.27
264,5,10,1,10,2025-07-24 15:56:43,2025-08-07 10:34:09,10.0
264,6,11,3,11,2025-08-08 15:17:33,2025-08-27 15:13:54,27.27
264,7,11,2,11,2025-08-28 12:24:24,2025-09-10 15:40:53,18.18
264,8,11,1,11,2025-09-11 15:25:02,2025-09-30 12:48:35,9.09
264,9,11,4,11,2025-10-02 14:13:05,2025-10-15 11:27:31,36.36
264,10,10,1,10,2025-10-16 10:01:48,2025-10-28 13:33:34,10.0
265,1,11,5,11,2025-06-06 10:13:11,2025-06-13 13:22:48,45.45
265,2,11,1,10,2025-06-13 15:05:06,2025-06-24 14:34:26,9.09
265,3,11,4,11,2025-06-25 10:26:28,2025-07-08 12:05:14,36.36
265,4,10,4,10,2025-07-10 11:43:18,2025-07-28 11:31:41,40.0
265,5,11,3,11,2025-07-29 13:00:13,2025-08-11 15:16:25,27.27
265,6,11,3,10,2025-08-13 11:37:44,2025-09-02 13:57:28,27.27
265,7,10,4,10,2025-09-04 09:46:01,2025-09-12 11:57:18,40.0
265,8,11,4,11,2025-09-16 10:04:12,2025-09-30 14:59:43,36.36
265,9,11,4,10,2025-10-03 12:52:50,2025-10-14 15:31:28,36.36
265,10,10,2,10,2025-10-15 14:14:42,2025-10-28 12:43:26,20.0
274,1,22,1,21,2025-09-03 13:59:59,2025-09-18 13:59:27,4.55
274,2,22,1,21,2025-09-19 12:32:58,2025-10-07 14:55:22,4.55
274,3,22,1,20,2025-10-08 09:12:01,2026-03-31 14:58:21,4.55
274,4,21,1,21,2026-04-01 10:26:53,2026-04-08 11:24:15,4.76
274,5,22,0,22,2026-04-08 15:19:09,2026-04-14 10:40:13,0.0
274,6,22,2,22,2026-04-14 11:25:21,2026-04-21 14:31:34,9.09
274,7,21,0,20,2026-04-21 15:18:44,2026-04-28 11:54:16,0.0
274,8,22,0,22,2026-04-28 12:17:38,2026-05-08 10:05:11,0.0
274,9,22,1,22,2026-05-08 11:33:19,2026-05-15 12:11:12,4.55
274,10,21,0,20,2026-05-15 12:14:50,2026-05-27 11:24:49,0.0
275,1,24,0,24,2025-09-03 11:50:43,2025-09-22 10:50:43,0.0
275,2,23,0,23,2025-09-22 11:11:08,2025-10-09 12:13:45,0.0
275,3,24,0,23,2025-10-10 11:29:37,2026-03-31 12:20:49,0.0
275,4,23,0,23,2026-03-31 12:45:02,2026-04-08 12:41:38,0.0
275,5,24,0,24,2026-04-08 12:52:45,2026-04-15 09:47:57,0.0
275,6,23,0,23,2026-04-15 11:14:09,2026-04-21 09:57:39,0.0
275,7,24,0,23,2026-04-21 10:48:36,2026-05-04 10:15:23,0.0
275,8,23,1,23,2026-05-04 10:32:11,2026-05-12 12:33:26,4.35
275,9,24,0,24,2026-05-12 14:18:03,2026-05-20 10:22:08,0.0
275,10,23,0,23,2026-05-20 11:06:19,2026-05-27 12:10:48,0.0
276,1,22,0,22,2025-09-03 11:38:38,2025-09-25 15:39:10,0.0
276,2,22,1,22,2025-09-26 10:01:31,2025-10-16 10:55:11,4.55
276,3,22,0,21,2025-10-17 14:50:25,2026-04-02 13:43:50,0.0
276,4,22,0,22,2026-04-02 14:23:37,2026-04-13 13:03:16,0.0
276,5,22,0,22,2026-04-14 10:36:02,2026-04-20 11:51:38,0.0
276,6,22,0,22,2026-04-20 12:59:12,2026-04-24 14:01:42,0.0
276,7,22,0,22,2026-04-24 15:20:17,2026-05-06 09:08:16,0.0
276,8,22,1,22,2026-05-06 09:44:31,2026-05-12 13:23:55,4.55
276,9,22,1,22,2026-05-12 13:26:20,2026-05-19 12:44:50,4.55
276,10,21,1,21,2026-05-20 10:19:58,2026-05-26 14:53:09,4.76
277,1,24,0,23,2025-09-03 11:15:10,2025-09-19 14:32:27,0.0
277,2,23,1,22,2025-09-22 09:42:33,2025-10-08 12:03:26,4.35
277,3,23,2,23,2025-10-09 10:39:40,2026-03-31 15:33:47,8.7
277,4,23,1,23,2026-04-01 10:54:05,2026-04-09 12:20:13,4.35
277,5,23,0,23,2026-04-09 12:43:58,2026-04-17 11:01:09,0.0
277,6,24,0,24,2026-04-17 12:33:31,2026-04-24 09:13:37,0.0
277,7,23,1,23,2026-04-24 13:11:36,2026-04-30 10:59:45,4.35
277,8,23,3,23,2026-04-30 12:28:25,2026-05-11 11:12:36,13.04
277,9,23,2,23,2026-05-11 11:43:37,2026-05-20 13:42:43,8.7
277,10,23,1,23,2026-05-21 09:24:40,2026-05-27 11:50:55,4.35
278,1,24,2,24,2025-09-03 10:51:14,2025-09-19 10:15:14,8.33
278,2,23,3,22,2025-09-22 09:16:18,2025-10-08 14:26:40,13.04
278,3,24,0,22,2025-10-08 14:53:35,2025-10-27 09:26:29,0.0
278,4,23,0,23,2025-10-27 09:45:18,2026-04-07 12:24:55,0.0
278,5,24,1,24,2026-04-07 14:38:22,2026-04-14 15:40:08,4.17
278,6,23,1,23,2026-04-15 11:07:28,2026-04-21 11:32:23,4.35
278,7,24,1,24,2026-04-22 10:47:23,2026-04-29 10:33:20,4.17
278,8,23,0,23,2026-04-29 12:24:52,2026-05-08 15:18:45,0.0
278,9,24,1,24,2026-05-11 09:04:31,2026-05-18 13:20:11,4.17
278,10,23,0,23,2026-05-18 15:02:08,2026-05-27 10:26:20,0.0
279,1,24,2,23,2025-09-04 09:26:35,2025-09-18 11:43:10,8.33
279,2,23,3,20,2025-09-18 15:22:51,2025-10-10 13:20:59,13.04
279,3,24,2,22,2025-10-13 12:25:43,2026-04-02 10:09:44,8.33
279,4,23,1,23,2026-04-02 12:30:47,2026-04-10 12:29:05,4.35
279,5,24,1,24,2026-04-10 12:39:57,2026-04-17 09:35:09,4.17
279,6,23,1,23,2026-04-17 09:45:54,2026-04-23 12:36:52,4.35
279,7,24,1,22,2026-04-23 12:49:47,2026-05-04 11:45:54,4.17
279,8,23,1,23,2026-05-04 14:14:45,2026-05-08 12:06:54,4.35
279,9,24,0,24,2026-05-11 09:32:17,2026-05-19 13:25:29,0.0
279,10,23,3,23,2026-05-19 14:31:33,2026-05-27 12:29:47,13.04
280,1,22,1,20,2025-09-03 15:20:55,2025-09-23 10:45:28,4.55
280,2,22,1,21,2025-09-23 14:09:11,2025-10-09 13:24:23,4.55
280,3,22,0,20,2025-10-09 13:58:32,2026-04-01 15:36:41,0.0
280,4,22,0,22,2026-04-02 13:49:09,2026-04-10 10:47:34,0.0
280,5,22,1,21,2026-04-10 12:27:01,2026-04-17 09:25:14,4.55
280,6,22,0,22,2026-04-17 10:08:08,2026-04-23 12:42:48,0.0
280,7,22,0,22,2026-04-24 09:21:05,2026-04-30 14:13:19,0.0
280,8,22,0,22,2026-04-30 14:22:10,2026-05-08 12:22:05,0.0
280,9,22,1,22,2026-05-08 15:20:20,2026-05-19 10:34:10,4.55
280,10,21,1,21,2026-05-19 15:03:52,2026-05-26 10:55:36,4.76
281,1,21,0,19,2025-09-03 11:32:02,2025-09-23 13:38:01,0.0
281,2,20,0,19,2025-09-24 11:55:39,2025-10-14 15:47:25,0.0
281,3,21,0,19,2025-10-16 13:07:23,2026-04-03 12:36:02,0.0
281,4,20,0,20,2026-04-03 13:33:37,2026-04-13 11:42:09,0.0
281,5,20,0,20,2026-04-14 09:44:33,2026-04-20 12:22:44,0.0
281,6,21,0,21,2026-04-20 12:34:38,2026-04-27 10:28:42,0.0
281,7,20,1,20,2026-04-27 10:31:47,2026-05-06 10:02:12,5.0
281,8,21,1,21,2026-05-06 13:02:19,2026-05-13 12:55:03,4.76
281,9,20,0,20,2026-05-13 13:06:27,2026-05-19 09:21:50,0.0
281,10,20,0,20,2026-05-19 10:20:43,2026-05-27 09:44:45,0.0
282,1,21,2,21,2025-09-03 10:48:48,2025-09-17 10:07:46,9.52
282,2,21,5,21,2025-09-17 11:20:30,2025-10-09 12:31:36,23.81
282,3,21,0,18,2025-10-14 10:23:08,2026-03-31 14:50:01,0.0
282,4,20,2,20,2026-03-31 15:13:37,2026-04-09 10:20:29,10.0
282,5,21,1,21,2026-04-09 10:58:09,2026-04-16 09:42:20,4.76
282,6,21,6,21,2026-04-16 09:58:00,2026-04-23 15:02:55,28.57
282,7,20,2,20,2026-04-24 09:07:51,2026-04-30 15:32:28,10.0
282,8,21,3,21,2026-05-04 10:19:06,2026-05-08 14:13:01,14.29
282,9,21,1,21,2026-05-08 15:02:26,2026-05-19 09:35:38,4.76
282,10,20,4,20,2026-05-19 09:54:54,2026-05-27 11:58:17,20.0
283,1,23,0,22,2025-09-03 12:15:46,2025-09-24 10:02:16,0.0
283,2,23,1,23,2025-09-29 09:53:15,2025-10-17 15:12:34,4.35
283,3,22,1,22,2025-10-20 09:57:40,2026-04-01 12:06:11,4.55
283,4,23,0,23,2026-04-01 13:45:11,2026-04-09 11:16:21,0.0
283,5,22,1,22,2026-04-09 12:47:59,2026-04-16 09:44:39,4.55
283,6,23,0,23,2026-04-16 10:51:08,2026-04-24 13:00:00,0.0
283,7,23,0,22,2026-04-24 14:15:04,2026-05-04 13:52:40,0.0
283,8,22,0,22,2026-05-04 15:53:24,2026-05-11 12:19:47,0.0
283,9,23,1,23,2026-05-12 10:58:34,2026-05-19 11:38:46,4.35
283,10,22,2,22,2026-05-20 11:22:39,2026-05-27 12:31:06,9.09
284,1,22,0,21,2025-09-03 15:24:52,2025-09-25 11:45:51,0.0
284,2,22,0,20,2025-09-25 12:38:58,2025-10-20 11:48:48,0.0
284,3,22,0,21,2025-10-22 10:23:41,2026-04-02 11:57:09,0.0
284,4,22,0,22,2026-04-02 12:06:04,2026-04-10 12:57:24,0.0
284,5,22,0,22,2026-04-10 14:46:02,2026-04-17 15:23:01,0.0
284,6,22,0,22,2026-04-20 09:32:15,2026-04-27 10:59:23,0.0
284,7,22,0,22,2026-04-27 12:28:11,2026-05-05 10:38:32,0.0
284,8,22,1,22,2026-05-05 11:12:33,2026-05-13 15:15:37,4.55
284,9,22,0,22,2026-05-14 11:37:52,2026-05-19 11:43:00,0.0
284,10,21,0,21,2026-05-19 12:45:22,2026-05-27 10:56:23,0.0
287,1,22,11,22,2025-09-29 13:53:26,2025-10-13 09:44:01,50.0
287,2,22,5,21,2025-10-14 10:22:47,2026-03-31 15:01:16,22.73
287,3,22,6,22,2026-03-31 15:20:48,2026-04-08 13:16:27,27.27
287,4,22,4,22,2026-04-08 14:29:48,2026-04-15 13:17:25,18.18
287,5,21,4,21,2026-04-15 13:40:25,2026-04-20 14:37:03,19.05
287,6,22,5,22,2026-04-21 12:04:14,2026-04-28 10:40:34,22.73
287,7,22,3,22,2026-04-28 15:00:30,2026-05-06 10:56:30,13.64
287,8,22,6,22,2026-05-06 11:01:34,2026-05-12 16:01:09,27.27
287,9,22,4,22,2026-05-13 12:19:37,2026-05-21 10:11:14,18.18
287,10,21,8,21,2026-05-21 11:35:54,2026-05-27 11:43:05,38.1
288,1,24,0,24,2026-03-31 10:58:15,2026-04-03 15:05:56,0.0
288,2,24,0,24,2026-04-07 09:25:00,2026-04-10 14:03:46,0.0
288,3,24,0,24,2026-04-10 14:19:37,2026-04-16 11:17:23,0.0
288,4,24,1,24,2026-04-16 11:57:11,2026-04-21 10:59:36,4.17
288,5,24,0,24,2026-04-21 12:24:27,2026-04-27 13:39:49,0.0
288,6,24,1,24,2026-04-27 14:53:28,2026-05-04 10:16:41,4.17
288,7,24,0,24,2026-05-04 10:52:09,2026-05-06 14:33:39,0.0
288,8,24,2,24,2026-05-07 11:46:26,2026-05-14 09:17:22,8.33
288,9,24,1,24,2026-05-14 12:16:40,2026-05-19 13:44:41,4.17
288,10,24,2,24,2026-05-19 14:06:31,2026-05-27 09:46:06,8.33
289,1,24,1,24,2026-03-31 10:28:54,2026-04-08 11:20:58,4.17
289,2,24,3,24,2026-04-08 12:08:00,2026-04-14 09:19:27,12.5
289,3,24,1,24,2026-04-14 10:42:24,2026-04-20 09:06:52,4.17
289,4,24,5,24,2026-04-20 09:08:01,2026-04-22 15:14:05,20.83
289,5,23,2,23,2026-04-22 15:55:22,2026-04-29 13:31:14,8.7
289,6,24,2,24,2026-04-29 13:45:17,2026-05-06 09:41:34,8.33
289,7,24,1,24,2026-05-06 10:12:12,2026-05-12 13:06:58,4.17
289,8,24,1,24,2026-05-12 13:37:13,2026-05-15 13:30:15,4.17
289,9,24,1,24,2026-05-15 14:08:00,2026-05-21 13:51:54,4.17
289,10,23,3,23,2026-05-21 14:34:12,2026-05-27 09:42:28,13.04
290,1,25,7,25,2026-03-31 10:54:25,2026-04-03 16:21:25,28.0
290,2,25,6,25,2026-04-07 11:27:50,2026-04-10 14:06:31,24.0
290,3,25,2,25,2026-04-13 10:13:45,2026-04-16 10:19:44,8.0
290,4,25,4,25,2026-04-16 11:08:01,2026-04-22 09:07:44,16.0
290,5,25,4,25,2026-04-22 10:13:53,2026-04-28 11:14:17,16.0
290,6,25,4,25,2026-04-28 12:15:03,2026-05-05 10:48:07,16.0
290,7,25,3,25,2026-05-05 12:22:13,2026-05-11 09:12:38,12.0
290,8,25,1,25,2026-05-11 09:31:08,2026-05-15 12:24:16,4.0
290,9,25,4,25,2026-05-15 13:31:47,2026-05-21 13:04:56,16.0
290,10,25,5,25,2026-05-21 15:18:58,2026-05-27 11:32:02,20.0
291,1,24,0,24,2026-03-31 11:38:12,2026-04-07 11:42:23,0.0
291,2,24,0,24,2026-04-07 12:06:41,2026-04-13 14:34:46,0.0
291,3,24,0,24,2026-04-13 15:03:24,2026-04-16 14:14:52,0.0
291,4,24,0,24,2026-04-16 14:36:23,2026-04-22 09:23:54,0.0
291,5,24,0,24,2026-04-22 09:44:07,2026-04-28 10:24:46,0.0
291,6,24,0,24,2026-04-28 11:10:22,2026-05-05 10:15:37,0.0
291,7,24,2,24,2026-05-05 10:36:59,2026-05-08 14:01:53,8.33
291,8,24,0,24,2026-05-11 09:20:07,2026-05-15 12:13:40,0.0
291,9,24,1,24,2026-05-15 12:19:06,2026-05-20 16:01:23,4.17
291,10,23,0,23,2026-05-21 11:24:22,2026-05-27 11:42:52,0.0
292,1,25,3,25,2026-03-31 10:29:13,2026-04-03 10:36:11,12.0
292,2,25,0,25,2026-04-03 10:57:45,2026-04-13 09:29:24,0.0
292,3,24,0,24,2026-04-13 09:34:23,2026-04-15 13:08:13,0.0
292,4,25,4,25,2026-04-15 13:35:17,2026-04-22 09:33:10,16.0
292,5,24,1,24,2026-04-22 10:36:45,2026-04-28 15:18:07,4.17
292,6,25,3,25,2026-04-28 15:33:39,2026-05-05 11:47:49,12.0
292,7,25,1,25,2026-05-05 12:28:15,2026-05-08 14:12:21,4.0
292,8,24,2,24,2026-05-08 14:48:29,2026-05-15 12:14:06,8.33
292,9,25,1,25,2026-05-15 12:52:59,2026-05-21 11:41:17,4.0
292,10,24,2,23,2026-05-22 09:03:47,2026-05-27 10:25:02,8.33
293,1,25,0,25,2026-03-31 10:33:50,2026-04-03 13:16:19,0.0
293,2,24,0,24,2026-04-03 16:21:11,2026-04-10 14:42:05,0.0
293,3,25,0,25,2026-04-10 15:04:13,2026-04-16 13:36:44,0.0
293,4,24,1,23,2026-04-16 15:01:27,2026-04-22 10:15:31,4.17
293,5,25,0,25,2026-04-22 10:34:35,2026-04-27 13:37:09,0.0
293,6,24,0,24,2026-04-28 09:53:56,2026-05-05 10:04:26,0.0
293,7,25,1,25,2026-05-05 11:58:30,2026-05-08 11:56:51,4.0
293,8,24,1,24,2026-05-08 14:32:57,2026-05-14 15:45:50,4.17
293,9,25,1,25,2026-05-15 09:08:18,2026-05-20 12:20:16,4.0
293,10,24,2,23,2026-05-20 12:55:13,2026-05-27 11:55:21,8.33
294,1,27,0,27,2026-03-31 10:31:29,2026-04-03 10:14:48,0.0
294,2,27,3,26,2026-04-03 13:26:14,2026-04-13 09:48:20,11.11
294,3,27,1,27,2026-04-13 09:50:14,2026-04-16 10:21:11,3.7
294,4,27,1,26,2026-04-16 11:08:36,2026-04-21 10:43:07,3.7
294,5,27,1,27,2026-04-21 13:59:36,2026-04-27 13:59:39,3.7
294,6,27,1,27,2026-04-28 09:57:41,2026-05-05 09:39:34,3.7
294,7,27,1,27,2026-05-05 09:57:18,2026-05-08 10:22:49,3.7
294,8,27,2,27,2026-05-08 12:37:44,2026-05-15 10:09:16,7.41
294,9,27,1,27,2026-05-15 10:42:13,2026-05-21 09:18:16,3.7
294,10,27,0,27,2026-05-21 10:20:17,2026-05-27 11:11:09,0.0
295,1,23,0,23,2026-03-31 10:39:14,2026-04-07 15:06:02,0.0
295,2,23,5,23,2026-04-08 09:45:32,2026-04-13 11:14:45,21.74
295,3,23,2,23,2026-04-13 11:31:33,2026-04-16 11:40:49,8.7
295,4,23,4,23,2026-04-16 12:23:02,2026-04-21 11:57:11,17.39
295,5,23,4,23,2026-04-21 12:50:37,2026-04-28 09:19:31,17.39
295,6,23,5,23,2026-04-28 09:27:02,2026-05-04 10:17:56,21.74
295,7,23,2,23,2026-05-04 15:00:32,2026-05-08 10:50:36,8.7
295,8,23,6,23,2026-05-08 11:18:30,2026-05-13 13:10:41,26.09
295,9,23,3,23,2026-05-13 13:29:12,2026-05-19 11:04:32,13.04
295,10,23,3,23,2026-05-19 11:33:40,2026-05-26 14:22:53,13.04
296,1,26,4,26,2026-03-31 10:43:59,2026-04-07 09:34:26,15.38
296,2,25,4,25,2026-04-07 09:43:50,2026-04-13 09:55:20,16.0
296,3,26,0,26,2026-04-13 10:55:44,2026-04-16 11:16:32,0.0
296,4,25,2,25,2026-04-16 11:42:05,2026-04-22 11:13:57,8.0
296,5,26,3,25,2026-04-22 12:20:13,2026-04-28 09:47:25,11.54
296,6,25,1,25,2026-04-28 09:57:53,2026-05-05 12:04:56,4.0
296,7,26,3,26,2026-05-06 10:55:51,2026-05-11 11:41:08,11.54
296,8,25,3,25,2026-05-11 11:47:39,2026-05-18 10:28:46,12.0
296,9,26,1,26,2026-05-18 10:32:02,2026-05-21 11:20:19,3.85
296,10,25,6,25,2026-05-21 11:32:04,2026-05-26 15:39:10,24.0
297,1,26,1,26,2026-03-31 10:30:04,2026-04-03 11:43:03,3.85
297,2,25,0,25,2026-04-03 12:52:31,2026-04-10 13:01:43,0.0
297,3,25,1,25,2026-04-10 13:19:16,2026-04-16 12:32:23,4.0
297,4,26,2,26,2026-04-16 12:34:36,2026-04-21 13:02:46,7.69
297,5,25,2,25,2026-04-21 13:25:52,2026-04-27 11:39:55,8.0
297,6,25,0,25,2026-04-27 11:49:34,2026-05-04 14:07:43,0.0
297,7,26,2,26,2026-05-04 14:52:25,2026-05-07 13:22:05,7.69
297,8,25,3,25,2026-05-07 14:56:53,2026-05-14 13:18:46,12.0
297,9,25,0,25,2026-05-14 13:54:03,2026-05-20 10:27:26,0.0
297,10,25,0,25,2026-05-20 13:48:24,2026-05-27 11:59:13,0.0
298,1,25,1,25,2026-03-31 10:25:27,2026-04-03 15:24:37,4.0
298,2,25,2,25,2026-04-07 10:56:47,2026-04-10 14:28:19,8.0
298,3,24,1,24,2026-04-13 09:57:12,2026-04-16 13:27:45,4.17
298,4,25,2,25,2026-04-17 10:15:48,2026-04-23 09:16:38,8.0
298,5,24,1,24,2026-04-23 11:10:00,2026-04-28 10:42:29,4.17
298,6,25,1,25,2026-04-28 12:34:59,2026-05-05 14:19:53,4.0
298,7,25,1,25,2026-05-06 09:43:32,2026-05-11 10:23:12,4.0
298,8,24,3,24,2026-05-11 10:28:01,2026-05-15 12:46:05,12.5
298,9,25,0,25,2026-05-15 12:51:46,2026-05-21 10:50:43,0.0
298,10,24,2,24,2026-05-21 11:04:21,2026-05-27 11:49:42,8.33
299,1,23,5,23,2026-03-31 10:30:27,2026-04-03 11:44:08,21.74
299,2,23,3,22,2026-04-03 13:34:13,2026-04-13 10:28:31,13.04
299,3,23,7,23,2026-04-13 10:59:28,2026-04-16 09:59:15,30.43
299,4,23,7,23,2026-04-16 10:09:56,2026-04-22 14:34:13,30.43
299,5,23,2,23,2026-04-22 14:35:01,2026-04-28 10:28:12,8.7
299,6,23,3,23,2026-04-28 11:13:53,2026-05-04 11:30:34,13.04
299,7,23,5,23,2026-05-04 13:17:51,2026-05-11 09:58:24,21.74
299,8,23,4,23,2026-05-11 11:29:12,2026-05-14 10:08:23,17.39
299,9,23,3,23,2026-05-14 11:18:12,2026-05-20 10:37:40,13.04
299,10,22,5,22,2026-05-20 12:38:10,2026-06-08 14:39:42,22.73
300,1,25,5,25,2026-03-31 10:25:22,2026-04-07 10:08:45,20.0
300,2,24,3,24,2026-04-07 10:15:57,2026-04-10 13:20:41,12.5
300,3,24,5,24,2026-04-10 13:33:17,2026-04-16 09:08:31,20.83
300,4,25,5,25,2026-04-16 09:19:12,2026-04-22 09:41:07,20.0
300,5,24,4,24,2026-04-22 10:10:44,2026-04-28 10:13:12,16.67
300,6,24,3,24,2026-04-28 10:38:21,2026-05-04 11:19:38,12.5
300,7,25,5,25,2026-05-04 11:39:18,2026-05-08 11:52:29,20.0
300,8,24,4,24,2026-05-08 13:19:04,2026-05-14 12:31:16,16.67
300,9,24,7,24,2026-05-15 10:37:25,2026-05-20 14:42:27,29.17
300,10,24,5,24,2026-05-20 15:16:41,2026-05-27 12:11:01,20.83
301,1,25,1,25,2026-03-31 11:46:15,2026-04-08 09:38:50,4.0
301,2,25,0,25,2026-04-08 11:32:45,2026-04-14 09:44:34,0.0
301,3,24,0,24,2026-04-14 10:35:13,2026-04-20 10:38:27,0.0
301,4,25,0,25,2026-04-20 10:41:40,2026-04-22 12:01:06,0.0
301,5,24,0,23,2026-04-23 10:17:01,2026-04-27 15:10:34,0.0
301,6,25,0,24,2026-04-27 15:15:58,2026-05-04 14:40:42,0.0
301,7,25,0,25,2026-05-05 11:24:06,2026-05-08 12:37:01,0.0
301,8,24,0,24,2026-05-08 13:36:07,2026-05-13 14:06:07,0.0
301,9,25,0,25,2026-05-14 09:13:13,2026-05-21 12:09:42,0.0
301,10,24,2,24,2026-05-21 13:42:50,2026-05-27 12:32:23,8.33
302,1,23,1,23,2026-03-31 10:54:25,2026-04-07 10:00:00,4.35
302,2,23,2,23,2026-04-07 11:31:48,2026-04-10 10:32:05,8.7
302,3,23,5,23,2026-04-10 10:48:16,2026-04-15 10:29:55,21.74
302,4,23,2,23,2026-04-15 12:55:20,2026-04-21 10:24:02,8.7
302,5,23,2,23,2026-04-21 10:28:04,2026-04-27 10:07:27,8.7
302,6,23,2,23,2026-04-27 11:54:25,2026-05-05 09:15:41,8.7
302,7,23,0,23,2026-05-05 09:21:28,2026-05-08 15:50:44,0.0
302,8,23,3,23,2026-05-11 08:12:52,2026-05-14 12:16:04,13.04
302,9,23,2,23,2026-05-14 14:13:28,2026-05-21 09:55:30,8.7
302,10,22,4,22,2026-05-21 13:22:54,2026-05-27 11:57:46,18.18
303,1,26,2,26,2026-03-31 11:21:28,2026-04-03 10:38:29,7.69
303,2,26,1,26,2026-04-03 11:19:49,2026-04-10 12:32:05,3.85
303,3,26,0,26,2026-04-10 13:38:54,2026-04-15 13:03:54,0.0
303,4,26,1,26,2026-04-15 13:11:01,2026-04-21 11:46:03,3.85
303,5,26,1,26,2026-04-21 12:58:52,2026-04-27 15:10:31,3.85
303,6,26,0,26,2026-04-27 15:22:54,2026-05-04 15:04:47,0.0
303,7,26,0,26,2026-05-05 09:56:20,2026-05-07 12:10:28,0.0
303,8,26,0,26,2026-05-07 12:30:52,2026-05-13 13:03:18,0.0
303,9,26,0,26,2026-05-13 13:27:56,2026-05-20 12:08:25,0.0
303,10,26,1,26,2026-05-20 12:20:11,2026-05-27 10:37:01,3.85
304,1,25,0,25,2026-03-31 10:53:40,2026-04-07 10:02:47,0.0
304,2,24,0,24,2026-04-07 10:20:22,2026-04-09 13:20:21,0.0
304,3,25,0,25,2026-04-09 15:39:29,2026-04-15 14:25:33,0.0
304,4,24,0,24,2026-04-16 09:13:24,2026-04-21 11:38:00,0.0
304,5,24,1,24,2026-04-21 13:43:36,2026-04-24 10:22:25,4.17
304,6,25,0,25,2026-04-24 11:04:10,2026-05-04 09:54:43,0.0
304,7,24,1,24,2026-05-04 10:10:43,2026-05-08 13:05:25,4.17
304,8,25,0,25,2026-05-08 13:35:25,2026-05-15 09:00:22,0.0
304,9,24,1,24,2026-05-15 10:20:36,2026-05-20 12:57:45,4.17
304,10,24,1,24,2026-05-20 13:11:40,2026-05-27 10:35:36,4.17
305,1,25,12,25,2026-03-31 10:55:21,2026-04-02 12:48:58,48.0
305,2,25,12,24,2026-04-03 12:19:54,2026-04-13 09:57:03,48.0
305,3,25,11,25,2026-04-13 10:01:46,2026-04-16 10:35:14,44.0
305,4,25,8,25,2026-04-16 12:09:48,2026-04-23 09:01:50,32.0
305,5,24,8,24,2026-04-23 09:57:29,2026-04-27 15:25:38,33.33
305,6,25,6,25,2026-04-28 09:33:45,2026-05-04 11:45:57,24.0
305,7,25,9,25,2026-05-04 12:31:40,2026-05-11 12:06:56,36.0
305,8,25,10,25,2026-05-11 13:05:16,2026-05-15 15:03:26,40.0
305,9,25,3,25,2026-05-15 15:53:07,2026-05-21 15:15:05,12.0
305,10,24,6,24,2026-05-22 12:21:21,2026-05-27 11:45:00,25.0
306,1,25,0,25,2026-03-31 11:13:14,2026-04-07 09:36:37,0.0
306,2,24,1,24,2026-04-07 11:03:40,2026-04-10 15:39:37,4.17
306,3,25,1,25,2026-04-10 15:55:48,2026-04-16 11:42:15,4.0
306,4,24,0,24,2026-04-16 12:50:21,2026-04-22 12:00:01,0.0
306,5,25,0,25,2026-04-22 12:01:47,2026-04-28 09:34:44,0.0
306,6,24,2,24,2026-04-28 10:12:09,2026-05-05 10:06:00,8.33
306,7,25,1,25,2026-05-05 11:04:16,2026-05-08 09:46:50,4.0
306,8,24,0,24,2026-05-08 09:59:57,2026-05-15 09:10:27,0.0
306,9,25,0,25,2026-05-15 09:45:55,2026-05-21 12:26:36,0.0
306,10,24,0,24,2026-05-21 13:58:16,2026-05-27 10:08:08,0.0
307,1,26,6,26,2026-03-31 11:37:39,2026-04-07 10:11:38,23.08
307,2,26,1,26,2026-04-07 10:48:11,2026-04-10 11:20:46,3.85
307,3,25,5,24,2026-04-10 11:48:15,2026-04-15 10:15:38,20.0
307,4,26,3,26,2026-04-15 11:37:47,2026-04-22 10:39:49,11.54
307,5,25,1,25,2026-04-22 11:44:34,2026-04-27 14:03:29,4.0
307,6,26,3,26,2026-04-27 14:06:50,2026-05-04 11:30:13,11.54
307,7,26,2,26,2026-05-04 13:21:27,2026-05-11 10:29:39,7.69
307,8,25,2,24,2026-05-11 10:38:07,2026-05-13 10:40:56,8.0
307,9,26,2,26,2026-05-13 11:46:18,2026-05-20 13:54:30,7.69
307,10,25,0,25,2026-05-21 09:39:16,2026-05-27 11:51:46,0.0
308,1,24,2,24,2026-03-31 11:01:12,2026-04-07 10:34:55,8.33
308,2,24,1,24,2026-04-07 14:37:56,2026-04-10 13:36:34,4.17
308,3,24,1,23,2026-04-10 14:19:03,2026-04-16 10:40:35,4.17
308,4,24,3,24,2026-04-16 13:58:03,2026-04-22 13:59:37,12.5
308,5,23,0,23,2026-04-23 09:08:58,2026-04-27 14:07:01,0.0
308,6,24,1,24,2026-04-27 14:07:55,2026-05-05 10:13:29,4.17
308,7,24,2,24,2026-05-05 11:55:55,2026-05-08 11:28:16,8.33
308,8,24,3,24,2026-05-08 11:36:34,2026-05-15 13:53:36,12.5
308,9,24,2,24,2026-05-15 13:58:40,2026-05-21 12:15:39,8.33
308,10,23,2,23,2026-05-21 12:28:46,2026-05-27 11:24:26,8.7
