question_id,uzytkownicy_min3,poprawa_osob,pogorszenie_osob,poprawnych_1,poprawnych_3,poprawnych_proc_1,poprawnych_proc_3
35,66,20,7,31,44,46.97,66.67
36,65,7,4,57,60,87.69,92.31
37,61,3,2,58,59,95.08,96.72
44,100,15,13,80,82,80.0,82.0
45,101,15,14,83,84,82.18,83.17
46,91,3,1,88,90,96.7,98.9
47,100,15,9,78,84,78.0,84.0
48,49,9,4,39,44,79.59,89.8
49,50,4,4,44,44,88.0,88.0
51,97,18,12,77,83,79.38,85.57
52,99,14,6,79,87,79.8,87.88
54,98,3,2,94,95,95.92,96.94
62,42,14,5,23,32,54.76,76.19
65,68,7,6,59,60,86.76,88.24
66,46,9,9,19,19,41.3,41.3
67,61,11,8,36,39,59.02,63.93
68,62,1,1,61,61,98.39,98.39
69,64,13,1,43,55,67.19,85.94
70,60,6,6,49,49,81.67,81.67
71,72,21,6,39,54,54.17,75.0
73,47,5,11,30,24,63.83,51.06
74,45,0,1,44,43,97.78,95.56
75,45,15,2,25,38,55.56,84.44
76,47,1,1,46,46,97.87,97.87
92,87,8,13,56,51,64.37,58.62
94,87,14,4,65,75,74.71,86.21
95,88,3,4,84,83,95.45,94.32
96,94,9,7,83,85,88.3,90.43
97,85,7,0,78,85,91.76,100.0
98,91,12,11,69,70,75.82,76.92
99,83,11,2,70,79,84.34,95.18
100,84,17,16,50,51,59.52,60.71
101,85,12,2,66,76,77.65,89.41
106,66,3,6,61,58,92.42,87.88
108,25,4,2,19,21,76.0,84.0
109,71,5,3,66,68,92.96,95.77
110,91,14,7,71,78,78.02,85.71
111,91,3,6,87,84,95.6,92.31
112,87,7,5,76,78,87.36,89.66
113,101,0,2,101,99,100.0,98.02
115,90,6,3,82,85,91.11,94.44
116,70,2,8,67,61,95.71,87.14
117,71,11,11,56,56,78.87,78.87
118,86,7,2,79,84,91.86,97.67
120,43,6,6,27,27,62.79,62.79
123,33,6,4,23,25,69.7,75.76
125,20,0,2,20,18,100.0,90.0
127,20,5,0,7,12,35.0,60.0
128,25,1,0,24,25,96.0,100.0
129,20,3,3,15,15,75.0,75.0
130,83,15,9,55,61,66.27,73.49
131,83,7,4,76,79,91.57,95.18
132,85,24,7,47,64,55.29,75.29
133,80,1,0,79,80,98.75,100.0
134,84,1,5,82,78,97.62,92.86
135,85,3,0,81,84,95.29,98.82
140,32,15,0,12,27,37.5,84.38
141,56,12,7,38,43,67.86,76.79
142,78,19,7,51,63,65.38,80.77
143,27,5,1,21,25,77.78,92.59
144,27,6,0,20,26,74.07,96.3
145,25,2,1,23,24,92.0,96.0
157,76,6,6,64,64,84.21,84.21
158,76,2,1,74,75,97.37,98.68
159,72,3,3,68,68,94.44,94.44
160,92,23,7,46,62,50.0,67.39
162,87,6,3,74,77,85.06,88.51
176,40,1,1,37,37,92.5,92.5
177,39,7,2,32,37,82.05,94.87
184,74,7,3,64,68,86.49,91.89
185,76,12,8,57,61,75.0,80.26
186,67,10,11,53,52,79.1,77.61
187,73,2,1,71,72,97.26,98.63
188,73,3,3,70,70,95.89,95.89
189,88,13,3,72,82,81.82,93.18
190,84,7,3,76,80,90.48,95.24
191,73,13,2,54,65,73.97,89.04
193,53,10,7,29,32,54.72,60.38
194,51,3,2,48,49,94.12,96.08
196,67,6,5,57,58,85.07,86.57
198,77,2,2,75,75,97.4,97.4
199,48,8,1,33,40,68.75,83.33
200,45,7,2,33,38,73.33,84.44
201,56,4,1,50,53,89.29,94.64
202,51,0,0,51,51,100.0,100.0
203,72,19,8,46,57,63.89,79.17
204,86,11,9,72,74,83.72,86.05
205,85,10,9,68,69,80.0,81.18
206,84,25,17,40,48,47.62,57.14
207,75,17,12,55,60,73.33,80.0
208,82,8,7,73,74,89.02,90.24
209,83,7,1,75,81,90.36,97.59
210,86,12,9,62,65,72.09,75.58
211,71,2,5,69,66,97.18,92.96
212,73,12,2,56,66,76.71,90.41
213,68,7,4,55,58,80.88,85.29
214,60,7,3,51,55,85.0,91.67
215,48,6,1,39,44,81.25,91.67
216,37,2,7,32,27,86.49,72.97
217,39,3,0,35,38,89.74,97.44
218,63,9,7,48,50,76.19,79.37
219,76,9,2,66,73,86.84,96.05
220,69,11,0,55,66,79.71,95.65
221,63,1,3,61,59,96.83,93.65
222,62,10,11,47,46,75.81,74.19
223,39,4,0,33,37,84.62,94.87
225,23,7,3,13,17,56.52,73.91
227,30,3,0,24,27,80.0,90.0
228,30,6,6,21,21,70.0,70.0
229,34,4,4,29,29,85.29,85.29
230,23,2,1,20,21,86.96,91.3
240,36,6,5,30,31,83.33,86.11
242,45,14,3,26,37,57.78,82.22
243,38,0,1,38,37,100.0,97.37
244,21,0,0,21,21,100.0,100.0
246,19,1,3,18,16,94.74,84.21
247,57,1,0,56,57,98.25,100.0
248,21,0,0,21,21,100.0,100.0
249,41,0,0,41,41,100.0,100.0
251,48,5,4,41,42,85.42,87.5
252,52,4,1,45,48,86.54,92.31
253,50,8,4,41,45,82.0,90.0
254,51,3,1,46,48,90.2,94.12
255,51,5,5,46,46,90.2,90.2
256,50,5,3,42,44,84.0,88.0
257,25,2,4,17,15,68.0,60.0
258,37,13,3,19,29,51.35,78.38
259,41,8,4,19,23,46.34,56.1
260,42,14,2,26,38,61.9,90.48
261,41,14,2,18,30,43.9,73.17
262,33,5,2,28,31,84.85,93.94
264,20,3,5,17,15,85.0,75.0
265,18,6,0,11,17,61.11,94.44
274,42,1,0,40,41,95.24,97.62
275,47,0,0,47,47,100.0,100.0
276,42,0,0,41,41,97.62,97.62
277,46,0,1,46,45,100.0,97.83
278,48,2,1,46,47,95.83,97.92
279,46,3,3,42,42,91.3,91.3
280,46,2,1,44,45,95.65,97.83
281,38,0,0,38,38,100.0,100.0
282,37,4,5,32,31,86.49,83.78
283,40,1,1,39,39,97.5,97.5
284,40,0,0,40,40,100.0,100.0
287,42,9,5,27,31,64.29,73.81
288,44,0,3,44,41,100.0,93.18
289,45,2,1,43,44,95.56,97.78
290,50,4,2,41,43,82.0,86.0
291,45,0,0,45,45,100.0,100.0
292,48,1,2,46,45,95.83,93.75
293,46,0,1,45,44,97.83,95.65
294,55,2,1,53,54,96.36,98.18
295,40,0,5,37,32,92.5,80.0
296,52,5,4,46,47,88.46,90.38
297,51,1,2,50,49,98.04,96.08
298,46,2,1,43,44,93.48,95.65
299,44,2,4,36,34,81.82,77.27
300,49,5,7,39,37,79.59,75.51
301,47,1,0,46,47,97.87,100.0
302,46,3,2,41,42,89.13,91.3
303,50,2,0,48,50,96.0,100.0
304,50,0,0,49,49,98.0,98.0
305,44,16,3,21,34,47.73,77.27
306,49,0,1,49,48,100.0,97.96
307,49,5,3,44,46,89.8,93.88
308,50,1,1,47,47,94.0,94.0
