question_id,n,bledy,uzytkownicy,od,do,bledy_proc
35,416,159,109,2023-04-25 09:03:53,2025-10-28 10:18:40,38.22
36,432,69,99,2023-04-25 10:08:26,2025-10-27 10:53:03,15.97
37,413,11,106,2023-04-25 09:22:00,2025-10-27 12:38:05,2.66
44,696,93,130,2023-04-25 08:32:51,2025-10-28 09:05:28,13.36
45,670,79,134,2023-04-25 08:34:03,2025-10-27 10:51:05,11.79
46,681,20,127,2023-04-25 08:54:44,2025-10-28 10:11:15,2.94
47,667,118,133,2023-04-25 07:52:04,2025-10-27 15:25:05,17.69
48,327,56,73,2023-04-28 11:12:27,2025-10-28 09:17:40,17.13
49,322,33,73,2023-04-25 09:21:05,2025-10-28 11:12:21,10.25
51,671,91,128,2023-04-24 10:31:02,2025-10-27 10:27:04,13.56
52,706,100,127,2023-04-25 08:28:09,2025-10-27 12:02:47,14.16
54,673,17,128,2023-04-25 09:14:13,2025-10-28 10:15:08,2.53
62,235,73,66,2023-04-28 15:22:48,2025-06-11 12:26:48,31.06
65,431,46,97,2023-04-25 08:45:19,2025-10-27 15:57:32,10.67
66,285,166,93,2023-04-25 08:54:27,2025-04-14 09:36:43,58.25
67,392,153,105,2023-04-25 08:28:03,2025-10-28 10:31:34,39.03
68,420,16,101,2023-04-25 08:55:22,2025-10-27 10:33:01,3.81
69,417,73,105,2023-04-25 08:26:22,2025-10-27 11:09:43,17.51
70,426,76,110,2023-04-25 08:33:46,2025-10-28 13:01:05,17.84
71,431,137,100,2023-04-25 08:22:57,2025-10-27 14:21:45,31.79
73,318,139,73,2023-04-28 15:16:50,2025-10-24 14:43:54,43.71
74,325,10,75,2023-04-25 09:01:32,2025-10-27 10:12:33,3.08
75,315,74,75,2023-04-25 08:34:16,2025-10-28 11:53:02,23.49
76,317,7,74,2023-04-28 11:26:44,2025-10-28 11:34:33,2.21
92,588,218,121,2023-04-25 08:17:37,2025-10-27 12:18:15,37.07
94,587,98,118,2023-04-25 08:54:33,2025-10-27 09:21:28,16.7
95,623,40,121,2023-04-25 08:55:26,2025-10-28 13:08:09,6.42
96,605,75,123,2023-04-28 11:04:06,2025-10-28 13:26:02,12.4
97,591,35,120,2023-04-25 08:44:24,2025-10-28 10:05:14,5.92
98,603,117,124,2023-04-25 09:13:46,2025-10-28 09:04:43,19.4
99,576,39,124,2023-04-25 09:09:17,2025-10-28 10:59:35,6.77
100,571,208,120,2023-04-28 15:02:33,2025-10-28 11:32:34,36.43
101,589,84,122,2023-04-25 09:07:42,2025-10-28 13:07:28,14.26
106,399,35,115,2023-04-28 10:53:03,2025-04-14 09:24:07,8.77
108,143,28,58,2023-04-25 09:00:06,2024-02-21 13:02:13,19.58
109,508,29,115,2023-10-25 13:50:37,2025-10-28 10:45:26,5.71
110,605,82,126,2023-04-28 11:14:58,2025-10-27 13:14:51,13.55
111,624,43,123,2023-04-28 11:22:59,2025-10-27 15:54:09,6.89
112,608,72,128,2023-04-28 12:18:04,2025-10-28 14:42:55,11.84
113,698,6,131,2023-04-28 11:18:16,2025-10-28 12:55:49,0.86
115,621,58,121,2023-04-28 15:02:39,2025-10-28 12:28:25,9.34
116,378,34,114,2023-04-28 15:16:13,2025-04-11 14:06:26,8.99
117,390,73,116,2023-04-28 15:36:14,2025-04-11 13:36:38,18.72
118,566,21,118,2023-05-11 16:44:40,2025-10-28 10:34:05,3.71
120,272,68,67,2023-05-24 13:21:00,2025-10-28 12:05:29,25.0
123,198,56,69,2023-05-24 12:28:48,2025-04-11 12:47:07,28.28
125,135,6,62,2023-05-26 09:18:14,2024-04-17 10:28:20,4.44
127,150,81,76,2023-05-26 14:05:22,2024-04-17 15:25:31,54.0
128,161,3,70,2023-05-26 13:28:21,2024-04-17 15:00:14,1.86
129,139,33,65,2023-05-26 11:20:58,2024-04-18 11:22:48,23.74
130,578,156,122,2023-05-29 11:19:20,2025-10-27 09:05:24,26.99
131,561,40,119,2023-05-29 11:03:57,2025-10-28 12:02:15,7.13
132,558,200,122,2023-05-30 10:32:01,2025-10-28 11:12:15,35.84
133,538,7,121,2023-05-30 10:30:32,2025-10-24 15:04:03,1.3
134,582,19,120,2023-05-30 09:12:10,2025-10-28 12:13:32,3.26
135,566,16,121,2023-05-30 09:23:26,2025-10-28 11:56:56,2.83
140,175,54,73,2023-05-31 10:03:42,2025-10-28 09:11:43,30.86
141,384,80,93,2023-05-31 09:19:10,2025-10-27 15:22:28,20.83
142,528,102,117,2023-06-02 14:41:01,2025-10-28 10:31:21,19.32
143,156,20,69,2023-06-01 10:47:46,2024-04-18 12:18:14,12.82
144,156,20,70,2023-06-01 13:01:04,2024-04-17 10:38:22,12.82
145,148,9,66,2023-06-01 11:35:26,2024-04-17 15:07:36,6.08
157,487,57,119,2023-06-19 10:06:24,2025-10-28 12:32:02,11.7
158,548,6,115,2023-06-19 12:29:25,2025-10-28 11:00:16,1.09
159,481,22,117,2023-06-19 15:22:53,2025-10-28 13:05:21,4.57
160,623,224,126,2023-06-20 09:12:51,2025-10-28 10:32:25,35.96
162,601,71,125,2023-06-20 09:34:50,2025-10-28 13:02:45,11.81
176,299,18,68,2023-08-09 09:32:30,2025-10-28 11:07:04,6.02
177,296,25,73,2023-08-04 10:55:05,2025-10-22 14:41:13,8.45
184,534,44,113,2023-10-25 13:15:41,2025-10-28 12:55:30,8.24
185,501,98,111,2023-10-25 10:04:06,2025-10-28 12:50:15,19.56
186,473,89,105,2023-10-25 11:33:51,2025-10-27 10:53:41,18.82
187,500,12,111,2023-10-26 10:55:30,2025-10-28 12:42:01,2.4
188,522,17,116,2023-10-25 13:06:18,2025-10-27 15:31:20,3.26
189,567,44,125,2023-10-25 10:22:52,2025-10-28 11:57:29,7.76
190,555,34,126,2023-10-25 14:01:51,2025-10-28 12:57:17,6.13
191,507,72,114,2023-10-25 10:42:25,2025-10-28 11:18:35,14.2
193,337,141,82,2023-10-26 10:40:55,2025-10-23 13:53:45,41.84
194,359,19,86,2023-10-26 13:52:35,2025-10-28 12:29:24,5.29
196,498,50,113,2023-10-26 16:06:55,2025-10-28 13:04:34,10.04
198,532,16,115,2023-10-27 10:58:59,2025-10-28 09:13:50,3.01
199,298,59,105,2023-10-27 09:12:28,2025-04-11 12:10:43,19.8
200,324,56,87,2023-10-30 10:05:37,2025-10-28 10:34:47,17.28
201,339,23,77,2023-10-30 13:07:28,2025-10-28 10:24:33,6.78
202,323,1,79,2023-11-03 15:51:36,2025-10-28 11:29:20,0.31
203,471,88,104,2023-11-07 09:13:34,2025-10-28 09:17:58,18.68
204,574,83,117,2023-11-07 09:27:05,2026-05-27 10:28:21,14.46
205,574,109,118,2023-11-06 15:38:32,2026-05-27 11:03:58,18.99
206,553,227,122,2023-11-06 11:02:48,2026-05-27 11:31:54,41.05
207,511,113,113,2023-11-06 11:58:33,2026-05-27 12:08:43,22.11
208,544,78,119,2023-11-06 11:57:43,2026-05-27 09:34:04,14.34
209,588,23,120,2023-11-07 09:54:44,2026-05-27 12:11:53,3.91
210,552,110,120,2023-11-07 09:06:56,2026-05-26 10:14:40,19.93
211,484,34,108,2023-11-27 11:01:37,2025-10-27 09:54:26,7.02
212,502,51,108,2023-11-27 11:41:13,2025-10-28 11:22:08,10.16
213,484,54,103,2023-11-27 10:00:45,2025-10-28 11:24:16,11.16
214,429,62,104,2023-11-27 10:41:32,2025-10-27 15:57:52,14.45
215,341,33,81,2023-11-28 09:52:50,2025-10-24 15:53:10,9.68
216,244,32,60,2023-11-28 14:56:26,2025-10-24 10:35:15,13.11
217,250,17,95,2023-12-01 15:41:26,2025-04-14 09:26:50,6.8
218,470,111,107,2023-12-01 15:48:55,2025-10-28 11:39:55,23.62
219,483,35,105,2023-12-04 10:53:08,2025-10-28 11:55:16,7.25
220,469,32,106,2024-02-20 09:45:25,2025-10-28 10:58:41,6.82
221,427,27,105,2024-01-08 15:42:17,2025-10-28 11:43:42,6.32
222,443,93,103,2024-02-20 10:39:42,2025-10-27 10:28:06,20.99
223,252,21,92,2024-03-14 10:32:23,2025-04-11 15:06:34,8.33
225,178,44,91,2024-03-11 09:22:33,2025-02-11 11:52:23,24.72
227,185,18,89,2024-03-11 09:06:18,2025-02-11 14:39:18,9.73
228,194,46,87,2024-03-11 11:24:41,2025-02-11 10:12:58,23.71
229,184,25,85,2024-03-11 09:44:35,2025-02-11 10:26:19,13.59
230,166,20,82,2024-03-11 10:12:26,2025-02-10 11:56:25,12.05
240,234,36,88,2024-03-14 12:56:37,2025-04-10 14:47:48,15.38
242,308,61,73,2024-09-20 12:45:10,2025-10-28 10:14:36,19.81
243,209,6,74,2024-11-15 13:17:00,2025-04-14 09:26:16,2.87
244,119,3,57,2024-11-15 13:06:25,2025-04-11 09:16:56,2.52
246,106,15,42,2024-11-18 16:02:59,2025-04-11 14:40:41,14.15
247,326,8,81,2024-11-18 09:46:52,2025-10-27 15:31:03,2.45
248,128,0,56,2024-12-05 09:32:54,2025-04-11 14:18:42,0.0
249,220,0,68,2024-12-09 09:33:25,2025-10-24 10:22:32,0.0
251,243,25,76,2025-05-12 14:18:18,2025-10-27 15:46:35,10.29
252,259,20,80,2025-05-12 14:36:14,2025-10-28 12:01:26,7.72
253,261,36,78,2025-05-13 10:16:26,2025-10-28 11:07:42,13.79
254,264,19,82,2025-05-13 10:49:26,2025-10-28 13:07:04,7.2
255,256,26,79,2025-05-13 11:54:32,2025-10-28 10:18:47,10.16
256,264,36,79,2025-05-13 15:41:23,2025-10-27 11:08:30,13.64
257,159,40,73,2025-05-13 15:52:34,2025-08-08 14:02:45,25.16
258,179,49,71,2025-05-13 15:50:50,2025-08-08 12:45:01,27.37
259,208,79,67,2025-05-15 15:53:16,2025-10-28 10:42:44,37.98
260,224,39,75,2025-05-16 09:00:50,2025-10-27 09:07:50,17.41
261,214,82,73,2025-05-16 10:50:54,2025-10-28 11:08:11,38.32
262,198,23,73,2025-05-16 14:27:02,2025-10-27 09:17:07,11.62
264,108,23,41,2025-06-06 10:29:35,2025-10-28 13:33:34,21.3
265,107,34,41,2025-06-06 10:13:11,2025-10-28 12:43:26,31.78
274,217,7,76,2025-09-03 13:59:59,2026-05-27 11:24:49,3.23
275,235,1,79,2025-09-03 11:50:43,2026-05-27 12:10:48,0.43
276,219,4,80,2025-09-03 11:38:38,2026-05-26 14:53:09,1.83
277,232,11,81,2025-09-03 11:15:10,2026-05-27 11:50:55,4.74
278,235,9,78,2025-09-03 10:51:14,2026-05-27 10:26:20,3.83
279,235,15,80,2025-09-04 09:26:35,2026-05-27 12:29:47,6.38
280,219,5,76,2025-09-03 15:20:55,2026-05-26 10:55:36,2.28
281,204,2,79,2025-09-03 11:32:02,2026-05-27 09:44:45,0.98
282,207,26,79,2025-09-03 10:48:48,2026-05-27 11:58:17,12.56
283,226,6,79,2025-09-03 12:15:46,2026-05-27 12:31:06,2.65
284,219,1,78,2025-09-03 15:24:52,2026-05-27 10:56:23,0.46
287,218,56,80,2025-09-29 13:53:26,2026-05-27 11:43:05,25.69
288,240,7,96,2026-03-31 10:58:15,2026-05-27 09:46:06,2.92
289,238,20,95,2026-03-31 10:28:54,2026-05-27 09:42:28,8.4
290,250,40,91,2026-03-31 10:54:25,2026-05-27 11:32:02,16.0
291,239,3,94,2026-03-31 11:38:12,2026-05-27 11:42:52,1.26
292,246,17,92,2026-03-31 10:29:13,2026-05-27 10:25:02,6.91
293,245,6,91,2026-03-31 10:33:50,2026-05-27 11:55:21,2.45
294,270,11,97,2026-03-31 10:31:29,2026-05-27 11:11:09,4.07
295,230,34,89,2026-03-31 10:39:14,2026-05-26 14:22:53,14.78
296,255,27,96,2026-03-31 10:43:59,2026-05-26 15:39:10,10.59
297,253,11,93,2026-03-31 10:30:04,2026-05-27 11:59:13,4.35
298,246,14,96,2026-03-31 10:25:27,2026-05-27 11:49:42,5.69
299,229,44,92,2026-03-31 10:30:27,2026-06-08 14:39:42,19.21
300,243,46,91,2026-03-31 10:25:22,2026-05-27 12:11:01,18.93
301,246,3,94,2026-03-31 11:46:15,2026-05-27 12:32:23,1.22
302,229,23,91,2026-03-31 10:54:25,2026-05-27 11:57:46,10.04
303,260,6,96,2026-03-31 11:21:28,2026-05-27 10:37:01,2.31
304,244,4,95,2026-03-31 10:53:40,2026-05-27 10:35:36,1.64
305,248,85,94,2026-03-31 10:55:21,2026-05-27 11:45:00,34.27
306,245,5,94,2026-03-31 11:13:14,2026-05-27 10:08:08,2.04
307,256,25,95,2026-03-31 11:37:39,2026-05-27 11:51:46,9.77
308,238,17,90,2026-03-31 11:01:12,2026-05-27 11:24:26,7.14
