question_id,n,bledy_proc_1,bledy_proc_10,zmiana_10_minus_1_pp,nachylenie_pp_na_czesc,kierunek
35,416,47.62,39.02,-8.6,-0.025,spadek
36,432,13.64,30.23,16.59,1.242,wzrost
37,413,0.0,7.32,7.32,0.28,wzrost
44,696,14.29,11.59,-2.7,0.051,wzrost
45,670,14.93,8.96,-5.97,-0.714,spadek
46,681,4.35,4.41,0.06,-0.032,spadek
47,667,28.36,9.09,-19.27,-1.456,spadek
48,327,15.15,25.0,9.85,1.142,wzrost
49,322,12.12,25.0,12.88,0.494,wzrost
51,671,26.47,14.93,-11.54,0.031,wzrost
52,706,25.35,7.14,-18.21,-1.376,spadek
54,673,0.0,4.48,4.48,0.588,wzrost
62,235,58.33,13.04,-45.29,-2.658,spadek
65,431,4.55,9.3,4.75,0.71,wzrost
66,285,44.83,64.29,19.46,1.969,wzrost
67,392,45.0,48.72,3.72,0.073,wzrost
68,420,0.0,2.38,2.38,0.548,wzrost
69,417,16.67,17.07,0.4,-1.012,spadek
70,426,16.28,33.33,17.05,1.907,wzrost
71,431,50.0,39.53,-10.47,-0.12,spadek
73,318,31.25,51.61,20.36,2.941,wzrost
74,325,0.0,6.25,6.25,0.41,wzrost
75,315,18.75,22.58,3.83,-1.881,spadek
76,317,0.0,3.23,3.23,0.445,wzrost
92,588,16.95,48.28,31.33,2.856,wzrost
94,587,37.29,15.52,-21.77,-2.553,spadek
95,623,3.17,9.68,6.51,0.823,wzrost
96,605,11.48,20.0,8.52,0.54,wzrost
97,591,1.67,11.86,10.19,0.258,wzrost
98,603,27.87,10.0,-17.87,-2.348,spadek
99,576,8.62,5.26,-3.36,-0.49,spadek
100,571,32.76,36.84,4.08,-0.224,spadek
101,589,32.2,13.79,-18.41,-0.295,spadek
106,399,7.5,5.13,-2.37,-0.493,spadek
108,143,26.67,42.86,16.19,1.93,wzrost
109,508,15.69,2.0,-13.69,-0.201,spadek
110,605,14.75,13.33,-1.42,0.452,wzrost
111,624,3.17,9.68,6.51,1.008,wzrost
112,608,9.84,11.67,1.83,0.466,wzrost
113,698,0.0,0.0,0.0,0.104,wzrost
115,621,4.76,17.74,12.98,1.588,wzrost
116,378,0.0,18.92,18.92,0.983,wzrost
117,390,20.51,28.21,7.7,0.606,wzrost
118,566,12.28,1.79,-10.49,-0.667,spadek
120,272,28.57,22.22,-6.35,-2.417,spadek
123,198,30.0,31.58,1.58,-0.649,spadek
125,135,0.0,15.38,15.38,1.102,wzrost
127,150,66.67,46.67,-20.0,-0.848,spadek
128,161,5.88,0.0,-5.88,-0.7,spadek
129,139,14.29,30.77,16.48,-0.183,spadek
130,578,29.31,19.3,-10.01,-0.214,spadek
131,561,8.77,7.14,-1.63,-0.057,spadek
132,558,41.07,32.73,-8.34,-0.296,spadek
133,538,0.0,0.0,0.0,0.011,wzrost
134,582,5.08,0.0,-5.08,-0.278,spadek
135,566,1.75,1.79,0.04,0.046,wzrost
140,175,72.22,23.53,-48.69,-2.945,spadek
141,384,33.33,21.05,-12.28,-0.812,spadek
142,528,28.3,19.23,-9.07,-1.218,spadek
143,156,18.75,0.0,-18.75,-1.677,spadek
144,156,12.5,0.0,-12.5,-1.674,spadek
145,148,13.33,0.0,-13.33,-0.285,spadek
157,487,12.24,14.58,2.34,-0.168,spadek
158,548,1.82,0.0,-1.82,-0.066,spadek
159,481,10.2,8.33,-1.87,-0.468,spadek
160,623,49.21,25.81,-23.4,-1.405,spadek
162,601,18.03,8.33,-9.7,0.128,wzrost
176,299,0.0,3.45,3.45,0.006,wzrost
177,296,16.67,6.9,-9.77,-1.39,spadek
184,534,11.11,3.77,-7.34,-0.492,spadek
185,501,23.53,10.0,-13.53,-0.047,spadek
186,473,29.17,14.89,-14.28,-1.159,spadek
187,500,6.0,2.0,-4.0,0.048,wzrost
188,522,5.66,1.92,-3.74,0.227,wzrost
189,567,17.54,3.57,-13.97,-1.356,spadek
190,555,7.14,3.64,-3.5,-0.129,spadek
191,507,33.33,8.0,-25.33,-1.558,spadek
193,337,38.24,51.52,13.28,0.963,wzrost
194,359,8.33,5.71,-2.62,-0.345,spadek
196,498,14.0,2.04,-11.96,-1.817,spadek
198,532,3.7,5.66,1.96,0.301,wzrost
199,298,33.33,13.79,-19.54,-1.007,spadek
200,324,24.24,18.75,-5.49,-0.112,spadek
201,339,5.88,12.12,6.24,1.143,wzrost
202,323,0.0,0.0,0.0,0.132,wzrost
203,471,41.67,6.38,-35.29,-2.866,spadek
204,574,17.24,14.04,-3.2,-0.096,spadek
205,574,17.24,15.79,-1.45,0.432,wzrost
206,553,37.5,32.73,-4.77,-1.886,spadek
207,511,23.08,17.65,-5.43,-0.653,spadek
208,544,9.09,14.81,5.72,0.121,wzrost
209,588,8.47,6.9,-1.57,-0.127,spadek
210,552,14.29,21.82,7.53,0.43,wzrost
211,484,2.04,14.58,12.54,1.106,wzrost
212,502,15.69,2.0,-13.69,-1.888,spadek
213,484,16.33,10.42,-5.91,-0.414,spadek
214,429,25.58,16.67,-8.91,0.219,wzrost
215,341,17.14,8.82,-8.32,-0.596,spadek
216,244,8.0,8.33,0.33,-0.686,spadek
217,250,8.0,8.0,0.0,-0.752,spadek
218,470,14.89,17.02,2.13,1.174,wzrost
219,483,10.2,6.25,-3.95,-0.123,spadek
220,469,19.15,2.17,-16.98,-1.545,spadek
221,427,4.65,4.76,0.11,0.526,wzrost
222,443,20.0,27.27,7.27,-0.261,spadek
223,252,7.69,4.0,-3.69,-0.929,spadek
225,178,33.33,41.18,7.85,0.587,wzrost
227,185,10.53,5.56,-4.97,-0.519,spadek
228,194,30.0,42.11,12.11,2.391,wzrost
229,184,21.05,5.56,-15.49,0.263,wzrost
230,166,23.53,6.25,-17.28,-1.319,spadek
240,234,20.83,8.7,-12.13,0.102,wzrost
242,308,38.71,16.67,-22.04,-0.775,spadek
243,209,4.76,0.0,-4.76,0.231,wzrost
244,119,8.33,0.0,-8.33,-0.151,spadek
246,106,9.09,10.0,0.91,0.353,wzrost
247,326,3.03,0.0,-3.03,-0.337,spadek
248,128,0.0,0.0,0.0,0.0,bez_zmian
249,220,0.0,0.0,0.0,0.0,bez_zmian
251,243,20.0,12.5,-7.5,0.02,wzrost
252,259,3.85,16.0,12.15,-0.246,spadek
253,261,37.04,7.69,-29.35,-1.088,spadek
254,264,3.7,11.54,7.84,0.719,wzrost
255,256,19.23,4.0,-15.23,0.346,wzrost
256,264,11.11,7.69,-3.42,-0.868,spadek
257,159,43.75,40.0,-3.75,1.045,wzrost
258,179,61.11,11.76,-49.35,-3.028,spadek
259,208,42.86,40.0,-2.86,0.127,wzrost
260,224,56.52,13.64,-42.88,-2.381,spadek
261,214,40.91,38.1,-2.81,-0.901,spadek
262,198,20.0,5.26,-14.74,-0.201,spadek
264,108,27.27,10.0,-17.27,-0.782,spadek
265,107,45.45,20.0,-25.45,-0.231,spadek
274,217,4.55,0.0,-4.55,-0.418,spadek
275,235,0.0,0.0,0.0,0.132,wzrost
276,219,0.0,4.76,4.76,0.398,wzrost
277,232,0.0,4.35,4.35,0.553,wzrost
278,235,8.33,0.0,-8.33,-0.754,spadek
279,235,8.33,13.04,4.71,-0.419,spadek
280,219,4.55,4.76,0.21,-0.016,spadek
281,204,0.0,0.0,0.0,0.235,wzrost
282,207,9.52,20.0,10.48,0.341,wzrost
283,226,0.0,9.09,9.09,0.33,wzrost
284,219,0.0,0.0,0.0,0.138,wzrost
287,218,50.0,38.1,-11.9,-0.902,spadek
288,240,0.0,8.33,8.33,0.833,wzrost
289,238,4.17,13.04,8.87,-0.175,spadek
290,250,28.0,20.0,-8.0,-0.97,spadek
291,239,0.0,0.0,0.0,0.328,wzrost
292,246,12.0,8.33,-3.67,0.051,wzrost
293,245,0.0,8.33,8.33,0.747,wzrost
294,270,0.0,0.0,0.0,-0.202,spadek
295,230,0.0,13.04,13.04,0.738,wzrost
296,255,15.38,24.0,8.62,0.337,wzrost
297,253,3.85,0.0,-3.85,-0.016,spadek
298,246,4.0,8.33,4.33,0.075,wzrost
299,229,21.74,22.73,0.99,-0.473,spadek
300,243,20.0,20.83,0.83,0.601,wzrost
301,246,4.0,8.33,4.33,0.236,wzrost
302,229,4.35,18.18,13.83,0.333,wzrost
303,260,7.69,3.85,-3.84,-0.466,spadek
304,244,0.0,4.17,4.17,0.455,wzrost
305,248,48.0,25.0,-23.0,-2.887,spadek
306,245,0.0,0.0,0.0,-0.175,spadek
307,256,23.08,0.0,-23.08,-1.484,spadek
308,238,8.33,8.7,0.37,0.399,wzrost
