user_symbol,n,bledy,uzytkownicy,od,do,bledy_proc
05b40b19b762a3be0b4fc637b4c0ebb1,342,50,1,2023-04-28 11:31:40,2026-05-25 13:02:00,14.62
0696364d33da31a5882fda481728bc2b,1,0,1,2023-04-28 11:25:48,2023-04-28 11:25:48,0.0
07362ca37cb1b3bed985bc5526e4ea07,333,75,1,2025-07-14 10:56:09,2026-05-26 15:10:50,22.52
078684b876dd655d3c02f4167d253bc1,8,1,1,2024-02-12 10:21:25,2025-01-07 11:40:58,12.5
08efcbf15e38b7a07602cf7c905f3cc7,340,66,1,2023-04-28 12:03:50,2025-06-27 12:15:20,19.41
0bde667aa88e8832b61bf68c0d4e34a4,1,1,1,2023-05-10 18:57:58,2023-05-10 18:57:58,100.0
0c50941aae9fb6c6f9df48521d516124,860,144,1,2024-03-27 15:29:13,2026-05-27 09:35:38,16.74
0cab888b590bddd653d56b45c160c0f9,732,40,1,2023-11-24 13:51:09,2026-04-24 12:35:54,5.46
0e032ce16fb987d8b8541aebea4f355c,42,5,1,2023-04-28 12:06:32,2024-02-08 11:25:14,11.9
0e667a64e1d897d0a13ae4490a2ff918,65,19,1,2023-04-28 15:04:18,2023-08-09 12:39:22,29.23
0e9513fc76132d94ff3aa3158152a7be,60,1,1,2026-04-09 12:55:48,2026-05-26 15:18:04,1.67
10de2a4301834306cc7da6b666fb02a8,903,152,1,2023-11-23 10:43:04,2026-05-26 13:50:35,16.83
1189cbe958d11a94565fb15e403aed83,2,0,1,2024-11-22 15:13:37,2024-12-02 09:32:20,0.0
13d7c5d043fe426d5314bc22220fae83,676,88,1,2024-11-15 15:14:24,2026-05-27 11:58:17,13.02
176f2c8ab7bb786200f6d668f77c1ec1,310,21,1,2023-04-28 12:39:53,2024-04-08 14:39:10,6.77
19b334e8afa207ff6e2e4af84b56d622,103,21,1,2023-04-28 12:09:21,2024-02-13 14:00:09,20.39
1ace40ac46b5473cf400899d0e4d8193,2,0,1,2024-02-08 10:51:09,2024-02-08 11:31:17,0.0
216928bb3b8c22e626af25b2b186cdb4,251,37,1,2023-04-28 11:14:58,2024-03-19 11:38:14,14.74
218af089cc000afb1f4cfa54c0a89193,219,31,1,2023-04-28 15:05:13,2025-10-28 12:50:14,14.16
22f3ee55ddb8fa39ae48eff7de880413,14,7,1,2023-04-24 10:31:02,2025-03-24 13:12:13,50.0
239c349015e9f41abf0239ce099d7f41,218,32,1,2024-02-06 15:38:20,2025-02-12 11:55:54,14.68
2459c7598f113b30591e7d05234ff8ed,943,143,1,2023-04-28 10:49:40,2025-10-28 12:57:22,15.16
26125f19febc6c87c4c69954ac295896,191,10,1,2023-04-25 09:36:22,2024-03-18 13:13:54,5.24
268a08377f86b719863a547d622dcf4f,160,23,1,2023-04-28 11:04:06,2023-11-10 13:15:21,14.38
26e59663f132d89f89d22e48a2fdd8c0,173,16,1,2023-04-28 11:35:48,2026-05-27 11:57:46,9.25
279495c2db924c88897e433b62c2981b,195,49,1,2023-04-25 07:52:04,2026-05-27 11:42:52,25.13
28319baf5561e8a39a638e1354e9a423,68,14,1,2026-03-31 13:28:37,2026-05-26 12:54:27,20.59
293ba4ac118f79b4ce1d958462f04fe1,631,105,1,2023-04-28 11:12:27,2025-10-28 12:50:39,16.64
2d11e0977f05d0ea04f9953d8c4f5cbf,78,5,1,2024-11-20 11:10:20,2026-05-26 14:19:31,6.41
2d5e05a5fc584ac5ce29f987c668a4e0,889,190,1,2023-04-25 09:12:47,2026-05-27 11:59:13,21.37
2f25c78a4c39ed7d0ccc3075bd459f1b,165,17,1,2023-04-28 11:28:18,2023-12-11 09:53:58,10.3
2fd68c100dc13c33de3ac39c6bf5b65f,508,55,1,2024-01-08 14:28:36,2026-05-19 09:33:21,10.83
31a7d906b6c3cc60316956baf91f0704,7,0,1,2025-06-16 10:01:00,2025-06-18 13:36:03,0.0
345f71fbf2eb78a59589b2d4f673d0bc,71,3,1,2026-04-01 15:27:24,2026-05-27 12:11:01,4.23
345f864ca1b37baf435f362504f21a7b,1,0,1,2026-04-16 12:45:40,2026-04-16 12:45:40,0.0
3465d85b4d7f673f11bdac996850998c,83,18,1,2025-10-15 09:30:22,2026-05-27 10:43:23,21.69
348b5daf0a694a69a155feb917ef3301,204,40,1,2023-05-12 09:15:07,2025-10-27 15:16:19,19.61
35dfe9f10a097a0fb64c76868ccea706,2,0,1,2026-05-25 09:51:45,2026-05-27 11:09:32,0.0
386863b063ce34b5e6ca5be9867b3514,338,25,1,2024-03-28 09:51:22,2026-05-27 11:47:49,7.4
3a15699851b196203c731b0e7f18f8d5,113,16,1,2025-09-04 10:21:48,2026-05-27 10:28:21,14.16
3c284fef5c98ca122e39efc0fa0c0fd4,249,35,1,2023-04-25 09:03:15,2025-02-14 11:31:51,14.06
3c57fdc93ef809af5a1e67b8cf6f63ee,356,49,1,2023-04-28 13:14:19,2025-04-09 11:53:10,13.76
3f0a5fe0bd48e9072551722a6036abdd,2,1,1,2026-05-07 10:12:37,2026-06-08 14:39:42,50.0
40114c4464600dc0b8c6ecd359872f4e,81,4,1,2026-04-01 09:57:19,2026-05-27 09:42:28,4.94
40d5cb03bbdc43c03de8996d72723f13,167,24,1,2024-02-14 10:07:39,2026-05-27 12:10:48,14.37
425858a2a619673c98c187fe4110ec52,514,64,1,2023-04-28 11:15:47,2026-05-27 10:49:33,12.45
43c84ae0f37bae9e66d9036159988155,673,68,1,2023-04-25 08:54:44,2026-05-27 09:38:13,10.1
45186f0281c912ca55ccd7d0ac59a6e3,837,100,1,2023-11-28 10:49:25,2026-05-27 12:29:47,11.95
473feddd25a132d3042b4d8879439280,2,0,1,2026-04-10 11:28:07,2026-04-10 11:48:15,0.0
475fc3c0023dd5452ec72d7583193988,122,1,1,2023-11-22 16:29:40,2026-05-26 13:17:43,0.82
4866d3af69451f353d74ae6fc0abc551,731,25,1,2023-11-27 10:21:58,2026-05-27 12:31:06,3.42
48846ef4e622c4624b55a561e48c931b,96,26,1,2025-09-03 12:36:54,2025-10-28 13:01:05,27.08
4b73c7f54c78d5308fe90b03253c5219,289,47,1,2023-04-28 11:20:36,2026-05-25 10:51:45,16.26
4bcd0b7854a3c9515fdc31200f197be7,832,177,1,2023-11-23 11:56:45,2026-05-22 11:32:30,21.27
4cf12b5b927e66bb478a8af503f57790,686,161,1,2024-09-20 12:21:18,2026-05-27 11:24:49,23.47
4e0ab08fae25dfbebc0af5066d744dfb,269,62,1,2023-10-27 09:24:38,2025-10-10 10:39:18,23.05
4e423a338d195fb962a171b0001508d8,484,53,1,2023-11-23 14:30:14,2026-05-25 12:07:37,10.95
50b9cf612cc207cef6558d7dfc886ac3,62,2,1,2026-04-14 10:11:39,2026-05-26 15:46:07,3.23
51d019295e5462aaaebefd653bc2c61d,76,4,1,2025-10-23 09:51:55,2026-05-04 14:14:45,5.26
530cfeda3627e341c2f0f35b639c60ff,49,5,1,2024-03-13 09:54:56,2024-05-21 11:49:58,10.2
54702cd1d206072fe0615b5dbaf8def4,83,4,1,2026-03-31 11:44:20,2026-05-26 14:28:46,4.82
5487e14a36755023603a6eac3f1a5095,323,16,1,2023-04-28 11:47:33,2024-03-27 12:44:27,4.95
54f72a0c72dd372d9d4c04d77b49ac88,605,127,1,2023-08-14 13:22:13,2026-05-26 12:33:53,20.99
591cea19ae4f07fcd8a4f4b61b8074c0,726,73,1,2023-11-22 16:29:41,2026-05-26 14:34:39,10.06
5a9551567b6e097ed71371d6faa0c054,820,54,1,2023-04-28 11:18:16,2026-05-25 09:19:01,6.59
5ba7e577e785bd05c45ee5138f9f9a82,792,75,1,2023-11-24 13:37:10,2026-05-22 14:14:06,9.47
5c32ad60883773ce444a575642c01560,2,1,1,2026-04-27 13:25:47,2026-05-18 11:26:36,50.0
5ccce3a2fb544a263456b5b77a786407,124,32,1,2023-04-25 09:30:40,2024-02-22 14:05:48,25.81
5e1f4f2f2d55e06332ca45765c379f53,35,7,1,2023-04-28 10:55:04,2023-05-29 15:03:05,20.0
607498efffbcf22a081c33589c7974c5,17,2,1,2026-03-31 11:21:28,2026-04-28 12:15:19,11.76
6126aab7965e8858a5ef16345ae401b7,609,61,1,2023-05-11 14:34:56,2026-05-27 11:50:56,10.02
622965dd4f04fa7616e6aed6f75e0329,700,55,1,2024-03-28 11:11:57,2026-05-27 10:22:15,7.86
627924bb8c07aa86954773b659839296,294,16,1,2023-04-28 14:35:38,2024-04-16 14:44:22,5.44
62cd73a815d3a43db9fd4bd4e9456cbe,677,88,1,2024-11-15 14:41:50,2026-05-26 12:53:49,13.0
63415a405bad1006546c14ef77bf3538,184,34,1,2023-04-28 11:26:44,2024-03-25 11:12:08,18.48
67f8ef7cd90fa07b1d3074cf7231e90e,341,22,1,2024-03-22 11:42:21,2025-10-23 09:27:55,6.45
690d17c2669fbf3f941fc944ead84e4c,19,4,1,2023-04-25 09:34:42,2023-12-12 13:03:24,21.05
6b7e82c16efa92844d12359894ed31e0,790,170,1,2023-11-27 09:02:25,2026-05-27 11:43:05,21.52
6e2ec2050be3da9fa9ae30fe7fd16b36,479,27,1,2023-11-23 14:41:47,2025-05-14 14:56:26,5.64
6e742089bd4f30b9b3bb3d0b89537e48,497,27,1,2024-03-20 13:44:37,2026-05-27 11:40:19,5.43
6ef1e5afab0f40893016e505a7a2d30b,68,4,1,2026-04-01 10:36:24,2026-05-22 13:04:56,5.88
6efe615a175576efe3bd696118cbced7,566,18,1,2023-05-11 14:14:49,2026-04-30 09:04:01,3.18
6faf3e371bcae020771307b18af08e4f,5,0,1,2024-03-20 09:50:53,2024-12-13 12:39:16,0.0
70f066beecf3facc8153bb395b7fdf73,184,4,1,2023-04-28 11:20:58,2026-05-27 11:49:42,2.17
71c1770de3e5d5945e1d64775301d333,981,159,1,2023-11-23 10:16:01,2026-05-27 11:24:19,16.21
71f1ef6573db54dacc3144b75111727f,184,77,1,2025-07-31 11:58:41,2025-10-28 13:09:26,41.85
7282d839e2ed784123652444b2c6555f,114,17,1,2023-04-25 08:59:17,2023-10-30 12:41:26,14.91
72d386eb21fc38ca371630008e6ef75f,930,81,1,2023-04-28 11:25:33,2026-05-27 11:24:26,8.71
7841d50b7e317bc3f3b48fb1f4cf3b34,432,41,1,2024-03-28 12:04:48,2026-05-26 15:39:10,9.49
78a76492bc336d22cb74577f8ee9ddd6,703,166,1,2024-11-18 10:22:41,2026-05-27 11:11:09,23.61
7a0b6044640bcb3b0aa1fb76d1c47a15,304,171,1,2025-07-09 15:29:59,2026-05-27 09:34:04,56.25
7c57a9c83b1a9f5e0e539ae549f2ac3d,559,167,1,2024-05-20 09:15:19,2026-05-27 10:26:20,29.87
7c8cb4d511e402fa341ed3ec51b123a1,594,54,1,2023-04-28 13:24:02,2026-05-27 11:14:58,9.09
7e24ebbcdb57316a0e345f12f872d96e,997,179,1,2023-04-25 08:17:05,2026-05-27 11:31:54,17.95
7f3a7adb1ac0e45a54b18b2c1ed5af93,326,67,1,2023-04-25 08:28:09,2024-05-21 10:29:09,20.55
80caab887bbfb1beb6b2f67102ee5e62,666,91,1,2023-04-28 12:27:11,2026-05-26 09:57:09,13.66
82328d7932cbfed8fd0a0b6557e5f0f6,2,1,1,2024-02-12 12:05:14,2024-02-12 14:17:19,50.0
87a4e315b7fe1c29d157dc7d3fbd170d,56,11,1,2023-05-22 10:13:33,2023-12-13 13:35:25,19.64
8b1f98446779b86c2a97655c25b13c6b,419,15,1,2023-04-28 14:17:50,2026-05-26 11:42:32,3.58
8b53f7a44c0264bb8341be39b993eb92,660,64,1,2024-11-20 13:16:27,2026-05-27 10:47:27,9.7
8bb8b3412c2b822535d55d7a3665ca77,154,24,1,2023-04-28 15:01:12,2024-03-27 15:53:25,15.58
8d8c3282d7ff5fefb9fe54a79ed39243,146,31,1,2023-04-28 15:04:39,2024-03-27 13:06:34,21.23
8e7827220ed87974511cd9cccec29fa4,1111,134,1,2023-04-28 13:25:14,2026-05-26 12:16:32,12.06
92936f64c1e6c41d236851dbdce3321b,139,13,1,2023-11-28 13:25:37,2024-12-19 09:38:15,9.35
938377157f83bd2b9ab0e36f1e117e50,72,2,1,2026-04-09 15:47:27,2026-05-27 10:45:04,2.78
95e065c462c49c2a55fa83ea0bf8d6a5,104,0,1,2024-04-16 14:15:24,2026-05-25 14:43:20,0.0
998d685c11f1219bcc90cca5adfcedac,162,40,1,2023-04-28 11:08:25,2025-01-20 14:28:58,24.69
9a199af25266564a8744c85099e77c52,1,1,1,2023-04-28 11:38:05,2023-04-28 11:38:05,100.0
9b41cc877237b7337b1e259f5adf888a,413,73,1,2024-03-20 12:24:46,2026-05-25 15:39:18,17.68
9ddc41b6490a6d3636d618810052999e,137,23,1,2025-09-03 10:49:28,2026-05-26 15:43:32,16.79
9e64cdcb20d4447b338cbc832bb72087,481,67,1,2024-03-28 11:56:29,2026-05-27 09:21:07,13.93
9f224cb4ce5300c3a0f5e50eb9db68a3,127,4,1,2025-10-15 10:25:32,2026-05-27 11:34:12,3.15
9ff1562d1dc0cd5556c7f6cc9c6024c5,195,38,1,2023-04-25 09:02:52,2024-05-21 13:03:45,19.49
a60c7e01a78d09fd0f8d80313eb7435e,34,2,1,2023-12-04 11:38:38,2024-05-21 14:26:28,5.88
a61dc6ea5791a8dbaf5d557d7c9f87ec,275,51,1,2023-04-28 11:21:51,2024-03-14 10:23:48,18.55
a69954bbf2af63c260030b1bc5c4b54d,48,18,1,2025-07-10 09:15:44,2025-07-30 15:30:41,37.5
a8264e85b4cc728318de106ee538f598,961,137,1,2023-04-28 10:59:38,2026-05-27 12:32:23,14.26
a88ec836ed395bec593b11f9b8c64dfe,1,0,1,2023-11-23 11:21:49,2023-11-23 11:21:49,0.0
a90008b6934f7ce5423af755758ef10e,904,137,1,2023-04-28 10:53:03,2026-05-25 10:30:29,15.15
a95704d2acfaf12266f67c10c668e84a,799,109,1,2023-04-25 08:26:22,2026-05-27 10:14:29,13.64
a9691c0f7458895ddbade8e6e91e0796,651,133,1,2023-04-28 11:27:31,2026-05-15 11:13:39,20.43
aa2f8dbbd1038cbafaa31009bd3e6474,234,7,1,2023-04-28 11:33:37,2024-03-06 13:51:00,2.99
ab5184cc9baea3dc8a5821da0974018a,231,26,1,2024-09-20 11:28:39,2026-05-27 10:08:08,11.26
aebd29c54b4e6e5e77bdd8c0840f99a8,1,0,1,2023-04-28 11:21:45,2023-04-28 11:21:45,0.0
b15e67fbb691f4a1dd68fbec269d916c,749,75,1,2023-11-22 16:29:05,2026-05-27 12:08:43,10.01
b2b849ea339bfc17d89105a239d092b0,656,19,1,2024-03-20 09:50:31,2026-05-27 12:11:53,2.9
b39610ce3ff342278afe2b26e1083b56,601,66,1,2025-02-05 14:30:09,2026-05-27 11:50:55,10.98
b3df0ac95ad6608e4f47f9ffde6e8a1c,241,28,1,2024-03-20 14:34:11,2025-02-26 12:49:41,11.62
b3f802e1e8177820b23f57e1ed92f49a,35,6,1,2024-04-16 15:00:47,2025-10-22 12:47:59,17.14
b5cee74b3844ead2e990d0ee71d348a1,565,27,1,2023-11-23 11:01:51,2026-05-26 11:09:36,4.78
b68273a67aee70773a43ae0661a9404f,24,0,1,2026-03-31 11:25:21,2026-05-15 12:13:21,0.0
bb7c32b984d2728057b9b7b4e4a652d4,683,117,1,2023-04-28 11:22:59,2025-10-28 10:50:30,17.13
bd9b4804c1a5d60ff610001830b30097,830,255,1,2023-11-23 15:20:19,2026-05-22 15:10:20,30.72
bec727bc0e031905d363d7f5f574290c,1,1,1,2023-04-28 11:50:57,2023-04-28 11:50:57,100.0
bf6b5c66ea6ebeb069ad25aef3a65ad4,255,53,1,2023-11-23 09:07:37,2026-05-27 10:08:51,20.78
bfe9c893673b285691fb5dd9dda811b5,546,62,1,2023-04-28 14:50:36,2026-05-27 11:03:58,11.36
c1846d3140529d27c4e85605fa3c2aeb,82,11,1,2024-03-29 09:58:49,2025-02-10 14:00:10,13.41
c2a30748e8bff48dfe902216b25b0583,566,17,1,2023-11-29 10:36:54,2026-05-27 10:52:32,3.0
c355ec5f47e46125078487fea8d5977b,69,47,1,2026-03-31 13:06:48,2026-05-27 10:28:26,68.12
c3bf234eb6a99103068b092a12ce961f,44,10,1,2024-03-21 09:53:49,2026-05-22 15:50:07,22.73
c409b3049cb2c02bcd43568e3056e3c3,248,21,1,2023-11-22 16:30:27,2026-05-26 12:59:52,8.47
c5543bd5d26035035b06ac15fb535b5d,1,0,1,2023-04-28 10:48:14,2023-04-28 10:48:14,0.0
c7c10e902ef8ddf2c6d9ba038de443b6,1,1,1,2023-04-28 11:24:05,2023-04-28 11:24:05,100.0
c8d5b97ff04c5a36ca4b7c124f57bdbb,10,0,1,2024-03-11 12:31:53,2026-04-27 15:55:03,0.0
c90daf1780b38e4e3561206a7abe4335,67,3,1,2026-03-31 14:11:38,2026-05-27 11:55:21,4.48
cc7a9761765afd2b6815fd5e6e6a6284,1,0,1,2023-04-28 16:15:10,2023-04-28 16:15:10,0.0
cc967b115ed9ef0a15a279b4ed07a1d3,26,2,1,2023-04-28 12:35:33,2026-04-22 14:00:18,7.69
cd47a88509d9c6c6d797f38e63e48386,307,42,1,2023-04-25 09:13:46,2024-05-21 12:38:12,13.68
cf94a8cc59eaaf87a4522f551d26b97d,11,2,1,2025-02-27 09:54:42,2025-03-11 15:55:27,18.18
d048d37157df516943243f86bff17416,67,3,1,2024-01-08 15:26:40,2024-05-21 14:41:45,4.48
d07f4f50babc2d7e380859297a50d7b7,157,20,1,2023-04-28 11:17:03,2024-04-18 11:47:13,12.74
d0a1d5517f3c97f7a0fcf05d22242262,2,0,1,2025-02-11 12:53:54,2025-02-14 15:11:58,0.0
d44c8c31e7316589793364f1f65b6bcd,82,10,1,2026-04-01 09:38:49,2026-05-27 11:23:31,12.2
d5df33c8b02f68b26731d1eec6db434b,175,14,1,2023-04-28 11:01:16,2024-03-26 15:42:38,8.0
d79259db6f67a7b15fedfdf69c6b0c3c,16,2,1,2023-11-29 12:17:50,2023-12-13 11:59:59,12.5
d92fea18edf2c1c6d8fa00e73e9002bb,1,0,1,2026-04-24 10:36:49,2026-04-24 10:36:49,0.0
d951b99317f7141a07e0d3c9f6477346,918,90,1,2023-04-28 11:05:44,2026-05-27 11:51:57,9.8
d9a8245623ccee351eba8300e90ef871,642,58,1,2024-02-15 15:50:02,2026-05-15 13:43:38,9.03
dc00f6124d3a8326ebee605ab098f643,168,14,1,2023-05-12 11:43:18,2024-04-12 10:56:00,8.33
df96326778d81716ab305080f6f60f62,864,212,1,2023-04-25 08:50:02,2025-10-14 15:05:23,24.54
e0bca1e1aae3eb2670253d783e38b428,584,49,1,2023-11-23 11:50:14,2026-05-25 09:08:02,8.39
e1f666756fd23cbe044d3827236e8a3d,6,0,1,2025-10-21 11:13:53,2025-10-28 11:28:25,0.0
e3adf2b2d92ef6eaa801735dbce0fdb0,848,40,1,2023-11-29 09:29:42,2026-05-27 11:51:46,4.72
e4e30c32ba863649c243a7abf40c4d4d,23,1,1,2023-04-25 08:37:35,2024-05-21 11:41:32,4.35
e63df384e0d9c3d080772d1a54af6bf9,108,11,1,2023-04-28 11:32:54,2026-05-26 15:41:29,10.19
e730b94e6926794ab611d209e05f4f83,110,9,1,2025-01-16 10:12:54,2025-03-26 15:33:53,8.18
e899d6768170d8b88bd808ded2afcd59,661,120,1,2023-04-28 11:11:20,2025-05-30 14:10:05,18.15
e9d155d63a0e2f95af383a71880d8597,599,20,1,2024-11-15 14:26:59,2026-05-26 14:10:25,3.34
ea0cbf3b06de46528084b0fd65958cc6,841,71,1,2024-03-20 11:36:57,2026-04-17 13:25:41,8.44
eab1194a782f42f9de771bbd4f91c82a,342,100,1,2023-04-28 11:07:58,2024-05-21 12:16:36,29.24
eac183d5e702f9d6036a1cd89d2e8608,555,71,1,2023-11-23 10:29:01,2026-05-27 11:32:02,12.79
ee15252f8233db8de589feecd94dd8e0,75,2,1,2026-04-01 09:19:57,2026-05-26 15:13:44,2.67
ee8f397f9d3a5ceb7ee852ddb8d00d24,3,0,1,2025-07-21 09:02:30,2025-07-21 15:11:41,0.0
ef25eb70334d3d525ef95399fb2c3fce,357,53,1,2023-04-25 09:14:13,2024-05-21 13:39:51,14.85
f189ade9601eb8629e3e599da37361bf,452,103,1,2024-11-18 10:02:21,2026-05-27 09:41:39,22.79
f1bf9bdb2f2ab1aa33811451cf2f63d8,103,0,1,2025-03-13 10:13:01,2026-05-26 10:02:30,0.0
f341dd99179cc539dd2bc2fc5eafaadb,958,71,1,2023-05-15 10:53:16,2025-10-14 14:54:01,7.41
f4fee1bcf9a8a12eb8b51e3bb62fba22,67,12,1,2023-04-25 09:27:37,2024-02-26 14:51:51,17.91
f6cee4bde85eb67203f923aeff7606f2,873,142,1,2023-04-28 11:30:18,2026-05-27 11:01:20,16.27
f6f465b3c0e1e8d1d0f7a8d24a362a1e,581,24,1,2024-03-20 15:04:43,2026-05-26 15:04:19,4.13
fb9a140f5775ff8b2a1c56f01711b68b,184,33,1,2023-04-28 14:50:58,2025-06-12 15:19:14,17.93
fd300ac06a9beb62d07d14ee7563c9e5,730,51,1,2023-11-23 10:54:34,2025-10-28 10:45:26,6.99
fdb02ef217a0501707db06d34cb15b66,358,48,1,2024-09-20 12:45:10,2026-05-27 11:41:38,13.41
fe37ee14349fdea5b36616a029f5d0e4,54,10,1,2023-06-13 09:38:08,2025-05-29 14:33:43,18.52
fe965f57c62130dc78c534a6002151b8,54,9,1,2025-09-03 13:11:29,2025-10-13 13:12:34,16.67
ff0b3d8bc2eacfaf1cc1111842a6b08e,663,52,1,2023-04-28 11:14:00,2026-05-26 13:19:30,7.84
ff165e45a2402f67e04174e88d73b2aa,283,46,1,2024-03-27 10:52:49,2026-05-18 14:01:40,16.25
