user_symbol,pytania_min3,poprawa_pytan,pogorszenie_pytan,bez_zmiany_pytan,poprawnych_1,poprawnych_3,wszystkie_proby,zmiana_poprawnych_pp,status
05b40b19b762a3be0b4fc637b4c0ebb1,61,6,5,50,53,54,270,1.64,poprawa
07362ca37cb1b3bed985bc5526e4ea07,66,7,8,51,54,53,244,-1.52,pogorszenie
08efcbf15e38b7a07602cf7c905f3cc7,62,10,3,49,47,54,278,11.29,poprawa
0c50941aae9fb6c6f9df48521d516124,126,10,13,103,105,102,840,-2.38,pogorszenie
0cab888b590bddd653d56b45c160c0f9,99,7,7,85,92,92,662,0.0,bez_zmiany
0e667a64e1d897d0a13ae4490a2ff918,4,0,1,3,4,3,12,-25.0,pogorszenie
0e9513fc76132d94ff3aa3158152a7be,14,1,0,13,13,14,48,7.14,poprawa
10de2a4301834306cc7da6b666fb02a8,126,13,9,104,100,104,869,3.17,poprawa
13d7c5d043fe426d5314bc22220fae83,124,9,10,105,104,103,622,-0.81,pogorszenie
176f2c8ab7bb786200f6d668f77c1ec1,57,7,1,49,50,56,250,10.53,poprawa
19b334e8afa207ff6e2e4af84b56d622,7,0,1,6,7,6,25,-14.29,pogorszenie
216928bb3b8c22e626af25b2b186cdb4,46,6,1,39,38,43,183,10.87,poprawa
218af089cc000afb1f4cfa54c0a89193,38,6,3,29,31,34,152,7.89,poprawa
239c349015e9f41abf0239ce099d7f41,37,7,1,29,29,35,132,16.22,poprawa
2459c7598f113b30591e7d05234ff8ed,121,27,5,89,83,105,909,18.18,poprawa
26125f19febc6c87c4c69954ac295896,30,2,0,28,27,29,115,6.67,poprawa
268a08377f86b719863a547d622dcf4f,25,3,0,22,20,23,93,12.0,poprawa
26e59663f132d89f89d22e48a2fdd8c0,36,4,0,32,31,35,128,11.11,poprawa
279495c2db924c88897e433b62c2981b,25,2,3,20,20,19,82,-4.0,pogorszenie
28319baf5561e8a39a638e1354e9a423,19,1,2,16,16,15,64,-5.26,pogorszenie
293ba4ac118f79b4ce1d958462f04fe1,98,12,8,78,79,83,574,4.08,poprawa
2d11e0977f05d0ea04f9953d8c4f5cbf,20,0,0,20,20,20,72,0.0,bez_zmiany
2d5e05a5fc584ac5ce29f987c668a4e0,145,27,23,95,103,107,860,2.76,poprawa
2f25c78a4c39ed7d0ccc3075bd459f1b,27,2,1,24,24,25,95,3.7,poprawa
2fd68c100dc13c33de3ac39c6bf5b65f,86,5,3,78,78,80,419,2.33,poprawa
345f71fbf2eb78a59589b2d4f673d0bc,19,0,1,18,19,18,67,-5.26,pogorszenie
3465d85b4d7f673f11bdac996850998c,9,0,2,7,9,7,28,-22.22,pogorszenie
348b5daf0a694a69a155feb917ef3301,31,6,2,23,24,28,124,12.9,poprawa
386863b063ce34b5e6ca5be9867b3514,61,5,2,54,56,59,233,4.92,poprawa
3a15699851b196203c731b0e7f18f8d5,8,1,0,7,6,7,29,12.5,poprawa
3c284fef5c98ca122e39efc0fa0c0fd4,44,6,5,33,37,38,165,2.27,poprawa
3c57fdc93ef809af5a1e67b8cf6f63ee,66,6,6,54,55,55,298,0.0,bez_zmiany
40114c4464600dc0b8c6ecd359872f4e,20,2,0,18,18,20,79,10.0,poprawa
40d5cb03bbdc43c03de8996d72723f13,18,0,2,16,16,14,61,-11.11,pogorszenie
425858a2a619673c98c187fe4110ec52,83,10,7,66,71,74,409,3.61,poprawa
43c84ae0f37bae9e66d9036159988155,101,14,8,79,83,89,591,5.94,poprawa
45186f0281c912ca55ccd7d0ac59a6e3,134,11,6,117,111,116,791,3.73,poprawa
475fc3c0023dd5452ec72d7583193988,20,0,0,20,20,20,90,0.0,bez_zmiany
4866d3af69451f353d74ae6fc0abc551,118,5,4,109,113,114,684,0.85,poprawa
48846ef4e622c4624b55a561e48c931b,4,0,2,2,4,2,13,-50.0,pogorszenie
4b73c7f54c78d5308fe90b03253c5219,44,9,2,33,32,39,164,15.91,poprawa
4bcd0b7854a3c9515fdc31200f197be7,122,24,8,90,85,101,805,13.11,poprawa
4cf12b5b927e66bb478a8af503f57790,122,14,15,93,93,92,648,-0.82,pogorszenie
4e0ab08fae25dfbebc0af5066d744dfb,48,6,6,36,38,38,178,0.0,bez_zmiany
4e423a338d195fb962a171b0001508d8,88,10,9,69,77,78,403,1.14,poprawa
50b9cf612cc207cef6558d7dfc886ac3,15,1,0,14,14,15,50,6.67,poprawa
51d019295e5462aaaebefd653bc2c61d,6,0,0,6,6,6,18,0.0,bez_zmiany
54702cd1d206072fe0615b5dbaf8def4,21,2,0,19,19,21,83,9.52,poprawa
5487e14a36755023603a6eac3f1a5095,60,6,2,52,53,57,285,6.67,poprawa
54f72a0c72dd372d9d4c04d77b49ac88,107,13,10,84,79,82,523,2.8,poprawa
591cea19ae4f07fcd8a4f4b61b8074c0,117,13,4,100,100,109,649,7.69,poprawa
5a9551567b6e097ed71371d6faa0c054,124,10,3,111,109,116,797,5.65,poprawa
5ba7e577e785bd05c45ee5138f9f9a82,119,7,11,101,108,104,757,-3.36,pogorszenie
5ccce3a2fb544a263456b5b77a786407,20,3,1,16,13,15,68,10.0,poprawa
5e1f4f2f2d55e06332ca45765c379f53,1,0,0,1,1,1,3,0.0,bez_zmiany
6126aab7965e8858a5ef16345ae401b7,101,9,8,84,89,90,536,0.99,poprawa
622965dd4f04fa7616e6aed6f75e0329,119,12,5,102,104,111,673,5.88,poprawa
627924bb8c07aa86954773b659839296,46,5,0,41,40,45,229,10.87,poprawa
62cd73a815d3a43db9fd4bd4e9456cbe,120,15,3,102,97,109,628,10.0,poprawa
63415a405bad1006546c14ef77bf3538,28,7,3,18,19,23,110,14.29,poprawa
67f8ef7cd90fa07b1d3074cf7231e90e,60,3,1,56,57,59,288,3.33,poprawa
6b7e82c16efa92844d12359894ed31e0,110,16,10,84,79,85,747,5.45,poprawa
6e2ec2050be3da9fa9ae30fe7fd16b36,91,6,3,82,82,85,436,3.3,poprawa
6e742089bd4f30b9b3bb3d0b89537e48,88,9,1,78,78,86,420,9.09,poprawa
6ef1e5afab0f40893016e505a7a2d30b,18,1,0,17,16,17,62,5.56,poprawa
6efe615a175576efe3bd696118cbced7,88,5,2,81,83,86,492,3.41,poprawa
70f066beecf3facc8153bb395b7fdf73,22,3,0,19,19,22,116,13.64,poprawa
71c1770de3e5d5945e1d64775301d333,130,22,15,93,101,108,950,5.38,poprawa
71f1ef6573db54dacc3144b75111727f,20,5,3,12,9,11,64,10.0,poprawa
7282d839e2ed784123652444b2c6555f,16,3,1,12,12,14,51,12.5,poprawa
72d386eb21fc38ca371630008e6ef75f,134,16,3,115,110,123,908,9.7,poprawa
7841d50b7e317bc3f3b48fb1f4cf3b34,75,5,2,68,68,71,315,4.0,poprawa
78a76492bc336d22cb74577f8ee9ddd6,113,19,10,84,80,89,658,7.96,poprawa
7a0b6044640bcb3b0aa1fb76d1c47a15,55,12,7,36,21,26,200,9.09,poprawa
7c57a9c83b1a9f5e0e539ae549f2ac3d,95,10,9,76,68,69,499,1.05,poprawa
7c8cb4d511e402fa341ed3ec51b123a1,100,9,5,86,88,92,525,4.0,poprawa
7e24ebbcdb57316a0e345f12f872d96e,143,15,10,118,109,114,967,3.5,poprawa
7f3a7adb1ac0e45a54b18b2c1ed5af93,60,10,4,46,43,49,263,10.0,poprawa
80caab887bbfb1beb6b2f67102ee5e62,108,12,10,86,91,93,582,1.85,poprawa
87a4e315b7fe1c29d157dc7d3fbd170d,2,0,0,2,2,2,6,0.0,bez_zmiany
8b1f98446779b86c2a97655c25b13c6b,68,5,1,62,63,67,320,5.88,poprawa
8b53f7a44c0264bb8341be39b993eb92,115,13,10,92,98,101,591,2.61,poprawa
8bb8b3412c2b822535d55d7a3665ca77,17,2,1,14,15,16,63,5.88,poprawa
8d8c3282d7ff5fefb9fe54a79ed39243,18,2,1,15,14,15,67,5.56,poprawa
8e7827220ed87974511cd9cccec29fa4,141,17,9,115,117,125,1095,5.67,poprawa
92936f64c1e6c41d236851dbdce3321b,15,2,0,13,12,14,49,13.33,poprawa
938377157f83bd2b9ab0e36f1e117e50,18,1,0,17,17,18,66,5.56,poprawa
95e065c462c49c2a55fa83ea0bf8d6a5,21,0,0,21,21,21,102,0.0,bez_zmiany
998d685c11f1219bcc90cca5adfcedac,22,3,3,16,16,16,75,0.0,bez_zmiany
9b41cc877237b7337b1e259f5adf888a,71,9,10,52,57,56,304,-1.41,pogorszenie
9ddc41b6490a6d3636d618810052999e,13,1,0,12,11,12,42,7.69,poprawa
9e64cdcb20d4447b338cbc832bb72087,91,9,7,75,74,76,400,2.2,poprawa
9f224cb4ce5300c3a0f5e50eb9db68a3,33,0,0,33,32,32,115,0.0,bez_zmiany
9ff1562d1dc0cd5556c7f6cc9c6024c5,25,8,1,16,14,21,101,28.0,poprawa
a60c7e01a78d09fd0f8d80313eb7435e,1,0,0,1,1,1,4,0.0,bez_zmiany
a61dc6ea5791a8dbaf5d557d7c9f87ec,54,8,5,41,41,44,242,5.56,poprawa
a8264e85b4cc728318de106ee538f598,130,15,15,100,104,104,947,0.0,bez_zmiany
a90008b6934f7ce5423af755758ef10e,128,30,7,91,89,112,872,17.97,poprawa
a95704d2acfaf12266f67c10c668e84a,122,17,8,97,99,108,742,7.38,poprawa
a9691c0f7458895ddbade8e6e91e0796,114,15,11,88,89,93,582,3.51,poprawa
aa2f8dbbd1038cbafaa31009bd3e6474,42,1,1,40,41,41,180,0.0,bez_zmiany
ab5184cc9baea3dc8a5821da0974018a,38,3,0,35,33,36,143,7.89,poprawa
b15e67fbb691f4a1dd68fbec269d916c,109,9,5,95,95,99,689,3.67,poprawa
b2b849ea339bfc17d89105a239d092b0,106,3,3,100,102,102,603,0.0,bez_zmiany
b39610ce3ff342278afe2b26e1083b56,116,9,5,102,98,102,544,3.45,poprawa
b3df0ac95ad6608e4f47f9ffde6e8a1c,41,4,1,36,36,39,141,7.32,poprawa
b5cee74b3844ead2e990d0ee71d348a1,102,8,3,91,92,97,505,4.9,poprawa
b68273a67aee70773a43ae0661a9404f,3,0,0,3,3,3,10,0.0,bez_zmiany
bb7c32b984d2728057b9b7b4e4a652d4,94,13,11,70,72,74,641,2.13,poprawa
bd9b4804c1a5d60ff610001830b30097,134,16,18,100,90,88,786,-1.49,pogorszenie
bf6b5c66ea6ebeb069ad25aef3a65ad4,44,6,3,35,32,35,156,6.82,poprawa
bfe9c893673b285691fb5dd9dda811b5,98,15,5,78,80,90,480,10.2,poprawa
c1846d3140529d27c4e85605fa3c2aeb,5,0,1,4,5,4,15,-20.0,pogorszenie
c2a30748e8bff48dfe902216b25b0583,101,2,2,97,99,99,501,0.0,bez_zmiany
c355ec5f47e46125078487fea8d5977b,10,1,1,8,3,3,30,0.0,bez_zmiany
c3bf234eb6a99103068b092a12ce961f,1,0,0,1,1,1,3,0.0,bez_zmiany
c409b3049cb2c02bcd43568e3056e3c3,43,4,2,37,38,40,168,4.65,poprawa
c90daf1780b38e4e3561206a7abe4335,18,2,0,16,16,18,63,11.11,poprawa
cd47a88509d9c6c6d797f38e63e48386,54,11,0,43,38,49,261,20.37,poprawa
d048d37157df516943243f86bff17416,5,0,0,5,5,5,15,0.0,bez_zmiany
d07f4f50babc2d7e380859297a50d7b7,20,3,2,15,17,18,73,5.0,poprawa
d44c8c31e7316589793364f1f65b6bcd,20,0,0,20,18,18,80,0.0,bez_zmiany
d5df33c8b02f68b26731d1eec6db434b,25,2,0,23,23,25,109,8.0,poprawa
d951b99317f7141a07e0d3c9f6477346,126,19,8,99,102,113,881,8.73,poprawa
d9a8245623ccee351eba8300e90ef871,106,7,6,93,92,93,559,0.94,poprawa
dc00f6124d3a8326ebee605ab098f643,25,2,2,21,23,23,82,0.0,bez_zmiany
df96326778d81716ab305080f6f60f62,106,13,14,79,80,79,817,-0.94,pogorszenie
e0bca1e1aae3eb2670253d783e38b428,106,3,3,100,99,99,509,0.0,bez_zmiany
e3adf2b2d92ef6eaa801735dbce0fdb0,126,9,2,115,115,122,822,5.56,poprawa
e63df384e0d9c3d080772d1a54af6bf9,13,1,0,12,12,13,45,7.69,poprawa
e730b94e6926794ab611d209e05f4f83,5,0,0,5,5,5,16,0.0,bez_zmiany
e899d6768170d8b88bd808ded2afcd59,98,32,5,61,60,87,634,27.55,poprawa
e9d155d63a0e2f95af383a71880d8597,100,9,1,90,91,99,540,8.0,poprawa
ea0cbf3b06de46528084b0fd65958cc6,117,10,12,95,106,104,786,-1.71,pogorszenie
eab1194a782f42f9de771bbd4f91c82a,58,7,7,44,37,37,290,0.0,bez_zmiany
eac183d5e702f9d6036a1cd89d2e8608,95,11,8,76,82,85,462,3.16,poprawa
ee15252f8233db8de589feecd94dd8e0,19,2,0,17,17,19,71,10.53,poprawa
ef25eb70334d3d525ef95399fb2c3fce,67,12,6,49,52,58,305,8.96,poprawa
f189ade9601eb8629e3e599da37361bf,85,11,9,65,65,67,363,2.35,poprawa
f1bf9bdb2f2ab1aa33811451cf2f63d8,6,0,0,6,6,6,20,0.0,bez_zmiany
f341dd99179cc539dd2bc2fc5eafaadb,125,16,7,102,107,116,945,7.2,poprawa
f4fee1bcf9a8a12eb8b51e3bb62fba22,2,0,0,2,2,2,8,0.0,bez_zmiany
f6cee4bde85eb67203f923aeff7606f2,133,12,10,111,114,116,848,1.5,poprawa
f6f465b3c0e1e8d1d0f7a8d24a362a1e,115,5,3,107,108,110,526,1.74,poprawa
fb9a140f5775ff8b2a1c56f01711b68b,28,3,6,19,25,22,106,-10.71,pogorszenie
fd300ac06a9beb62d07d14ee7563c9e5,104,5,8,91,97,94,698,-2.88,pogorszenie
fdb02ef217a0501707db06d34cb15b66,67,11,8,48,55,58,251,4.48,poprawa
ff0b3d8bc2eacfaf1cc1111842a6b08e,108,14,4,90,90,100,609,9.26,poprawa
ff165e45a2402f67e04174e88d73b2aa,48,5,3,40,39,41,165,4.17,poprawa
